center_id,meal_id,week,y_pred,split
10,1062,134,851.0,eval
10,1109,134,1492.0,eval
10,1198,134,587.75,eval
10,1207,134,102.0,eval
10,1216,134,165.5,eval
10,1230,134,97.75,eval
10,1247,134,50.5,eval
10,1248,134,225.75,eval
10,1311,134,820.25,eval
10,1438,134,92.0,eval
10,1445,134,334.5,eval
10,1525,134,678.5,eval
10,1543,134,294.75,eval
10,1558,134,121.5,eval
10,1571,134,206.0,eval
10,1727,134,874.5,eval
10,1754,134,479.5,eval
10,1770,134,95.0,eval
10,1778,134,556.5,eval
10,1803,134,780.75,eval
10,1847,134,54.25,eval
10,1878,134,104.25,eval
10,1885,134,1563.0,eval
10,1902,134,75.25,eval
10,1962,134,358.0,eval
10,1971,134,1768.25,eval
10,1993,134,709.25,eval
10,2104,134,136.0,eval
10,2126,134,173.25,eval
10,2139,134,121.5,eval
10,2290,134,1799.0,eval
10,2304,134,178.75,eval
10,2306,134,307.5,eval
10,2322,134,128.75,eval
10,2444,134,363.75,eval
10,2490,134,456.75,eval
10,2492,134,256.5,eval
10,2494,134,102.25,eval
10,2539,134,401.0,eval
10,2569,134,580.5,eval
10,2577,134,273.5,eval
10,2581,134,195.5,eval
10,2631,134,303.25,eval
10,2640,134,385.0,eval
10,2664,134,881.25,eval
10,2704,134,567.0,eval
10,2707,134,1546.25,eval
10,2760,134,270.25,eval
10,2826,134,861.0,eval
10,2867,134,196.5,eval
10,2956,134,202.75,eval
11,1062,134,682.25,eval
11,1109,134,983.0,eval
11,1198,134,500.5,eval
11,1207,134,75.25,eval
11,1216,134,68.0,eval
11,1230,134,68.25,eval
11,1247,134,13.5,eval
11,1248,134,161.25,eval
11,1311,134,419.0,eval
11,1438,134,166.0,eval
11,1445,134,344.25,eval
11,1525,134,442.75,eval
11,1543,134,70.75,eval
11,1558,134,61.0,eval
11,1571,134,55.25,eval
11,1727,134,621.0,eval
11,1754,134,463.0,eval
11,1770,134,30.75,eval
11,1778,134,598.25,eval
11,1803,134,553.25,eval
11,1847,134,64.25,eval
11,1878,134,78.0,eval
11,1885,134,1519.5,eval
11,1902,132,17.75,eval
11,1962,134,209.75,eval
11,1971,134,2164.0,eval
11,1993,134,915.0,eval
11,2126,134,71.0,eval
11,2139,134,58.0,eval
11,2290,134,1006.75,eval
11,2304,134,78.25,eval
11,2306,134,129.0,eval
11,2322,134,155.75,eval
11,2444,134,267.0,eval
11,2490,134,557.0,eval
11,2492,134,71.0,eval
11,2494,134,94.75,eval
11,2539,134,459.25,eval
11,2569,134,331.5,eval
11,2577,134,124.75,eval
11,2581,134,91.25,eval
11,2631,134,101.75,eval
11,2640,134,361.25,eval
11,2664,134,722.25,eval
11,2704,134,317.5,eval
11,2707,134,1707.5,eval
11,2760,134,151.25,eval
11,2826,134,706.0,eval
11,2867,134,232.75,eval
11,2956,134,45.0,eval
13,1062,134,743.0,eval
13,1109,134,1532.0,eval
13,1198,134,567.75,eval
13,1207,134,84.25,eval
13,1216,134,162.75,eval
13,1230,134,108.5,eval
13,1247,134,85.25,eval
13,1248,134,195.5,eval
13,1311,134,655.5,eval
13,1438,134,242.75,eval
13,1445,134,642.0,eval
13,1525,134,806.75,eval
13,1543,134,267.25,eval
13,1558,134,81.25,eval
13,1571,134,236.25,eval
13,1727,134,783.25,eval
13,1754,134,726.75,eval
13,1770,134,54.75,eval
13,1778,134,668.25,eval
13,1803,134,634.75,eval
13,1847,134,175.75,eval
13,1878,134,257.0,eval
13,1885,134,2778.5,eval
13,1902,134,81.5,eval
13,1962,134,428.0,eval
13,1971,134,1651.0,eval
13,1993,134,1765.0,eval
13,2104,134,122.0,eval
13,2126,134,162.75,eval
13,2139,134,91.0,eval
13,2290,134,2056.0,eval
13,2304,134,153.0,eval
13,2306,134,199.25,eval
13,2322,134,152.0,eval
13,2444,134,597.25,eval
13,2490,134,601.25,eval
13,2492,134,163.0,eval
13,2494,134,135.25,eval
13,2539,134,657.75,eval
13,2569,134,462.5,eval
13,2577,134,260.0,eval
13,2581,134,155.75,eval
13,2631,134,253.25,eval
13,2640,134,617.75,eval
13,2664,134,877.25,eval
13,2704,134,749.5,eval
13,2707,134,2660.5,eval
13,2760,134,688.75,eval
13,2826,134,1049.75,eval
13,2867,134,463.0,eval
13,2956,134,226.25,eval
14,1062,134,291.0,eval
14,1109,134,297.0,eval
14,1198,73,152.0,eval
14,1207,134,71.5,eval
14,1216,134,35.0,eval
14,1230,134,77.5,eval
14,1247,133,18.0,eval
14,1248,134,91.75,eval
14,1311,134,152.5,eval
14,1438,134,53.75,eval
14,1445,134,186.25,eval
14,1525,134,67.5,eval
14,1543,134,68.25,eval
14,1558,134,40.75,eval
14,1571,134,20.75,eval
14,1727,134,182.75,eval
14,1754,134,74.5,eval
14,1770,127,20.0,eval
14,1778,134,85.5,eval
14,1803,134,243.25,eval
14,1847,134,65.25,eval
14,1878,134,91.25,eval
14,1885,134,722.5,eval
14,1902,134,14.0,eval
14,1962,134,77.75,eval
14,1971,134,1226.0,eval
14,1993,134,401.5,eval
14,2126,134,44.0,eval
14,2139,134,24.0,eval
14,2290,134,455.5,eval
14,2304,134,34.5,eval
14,2306,132,51.5,eval
14,2322,134,70.75,eval
14,2444,133,172.0,eval
14,2490,134,199.5,eval
14,2492,134,47.25,eval
14,2494,113,24.25,eval
14,2539,134,401.5,eval
14,2569,134,132.0,eval
14,2577,130,21.25,eval
14,2581,134,80.75,eval
14,2631,134,118.25,eval
14,2640,133,50.75,eval
14,2664,134,151.5,eval
14,2704,134,68.25,eval
14,2707,134,533.5,eval
14,2760,133,44.5,eval
14,2826,134,415.75,eval
14,2867,133,125.25,eval
17,1062,134,273.25,eval
17,1109,134,449.25,eval
17,1198,134,101.75,eval
17,1207,134,41.0,eval
17,1216,134,24.0,eval
17,1230,134,115.5,eval
17,1247,133,27.25,eval
17,1248,134,34.25,eval
17,1311,134,209.5,eval
17,1438,118,30.5,eval
17,1445,134,209.25,eval
17,1525,134,182.5,eval
17,1543,134,40.75,eval
17,1558,134,20.75,eval
17,1571,134,47.5,eval
17,1727,134,233.75,eval
17,1754,134,81.25,eval
17,1770,134,24.5,eval
17,1778,134,213.0,eval
17,1803,134,165.0,eval
17,1847,118,17.0,eval
17,1878,134,182.25,eval
17,1885,134,551.0,eval
17,1902,133,24.75,eval
17,1962,134,118.25,eval
17,1971,134,834.25,eval
17,1993,134,432.25,eval
17,2126,134,45.0,eval
17,2139,134,44.25,eval
17,2290,134,266.5,eval
17,2304,134,81.75,eval
17,2306,134,139.5,eval
17,2322,134,88.75,eval
17,2444,134,200.0,eval
17,2490,134,290.5,eval
17,2492,134,43.75,eval
17,2494,120,27.75,eval
17,2539,134,283.75,eval
17,2569,134,125.75,eval
17,2577,134,91.5,eval
17,2581,134,64.5,eval
17,2631,134,60.0,eval
17,2640,134,182.25,eval
17,2664,134,218.75,eval
17,2704,134,101.75,eval
17,2707,134,503.75,eval
17,2760,134,148.75,eval
17,2826,134,310.75,eval
17,2867,134,159.0,eval
20,1062,134,287.25,eval
20,1109,134,438.75,eval
20,1198,134,121.5,eval
20,1207,134,118.25,eval
20,1216,134,57.75,eval
20,1230,134,84.75,eval
20,1247,133,30.5,eval
20,1248,134,67.25,eval
20,1311,134,223.25,eval
20,1438,134,129.0,eval
20,1445,134,202.25,eval
20,1525,134,183.0,eval
20,1543,134,57.0,eval
20,1558,134,30.75,eval
20,1571,134,61.25,eval
20,1727,134,202.75,eval
20,1754,134,192.75,eval
20,1770,134,17.25,eval
20,1778,134,171.75,eval
20,1803,134,213.0,eval
20,1847,134,108.0,eval
20,1878,134,98.25,eval
20,1885,134,729.25,eval
20,1902,133,34.25,eval
20,1962,134,125.5,eval
20,1971,134,1016.5,eval
20,1993,134,513.5,eval
20,2126,134,68.25,eval
20,2139,134,33.75,eval
20,2290,134,648.5,eval
20,2304,134,84.5,eval
20,2306,134,98.75,eval
20,2322,134,87.75,eval
20,2444,134,189.0,eval
20,2490,134,197.0,eval
20,2492,134,70.5,eval
20,2494,134,60.75,eval
20,2539,134,233.25,eval
20,2569,134,182.5,eval
20,2577,134,98.5,eval
20,2581,134,74.0,eval
20,2631,134,84.25,eval
20,2640,134,240.0,eval
20,2664,134,266.75,eval
20,2704,134,209.25,eval
20,2707,134,931.25,eval
20,2760,134,105.25,eval
20,2826,134,331.0,eval
20,2867,134,165.5,eval
20,2956,134,57.5,eval
23,1062,134,196.0,eval
23,1109,134,604.75,eval
23,1198,134,47.5,eval
23,1207,134,103.75,eval
23,1216,134,40.5,eval
23,1230,134,122.0,eval
23,1247,134,16.5,eval
23,1248,134,41.25,eval
23,1311,134,105.0,eval
23,1438,134,473.25,eval
23,1445,133,263.5,eval
23,1525,134,125.0,eval
23,1543,134,43.5,eval
23,1558,134,24.25,eval
23,1571,134,111.25,eval
23,1727,134,348.25,eval
23,1754,134,270.0,eval
23,1770,134,24.0,eval
23,1778,134,479.25,eval
23,1803,134,128.75,eval
23,1847,134,300.0,eval
23,1878,127,21.25,eval
23,1885,134,500.0,eval
23,1902,134,20.0,eval
23,1962,134,119.0,eval
23,1971,134,1457.5,eval
23,1993,134,448.5,eval
23,2126,133,27.5,eval
23,2139,132,27.25,eval
23,2290,134,634.25,eval
23,2304,134,41.25,eval
23,2306,134,84.75,eval
23,2322,134,102.0,eval
23,2444,134,217.0,eval
23,2490,134,396.0,eval
23,2492,133,43.25,eval
23,2494,134,307.75,eval
23,2539,134,142.0,eval
23,2569,134,162.25,eval
23,2577,134,94.5,eval
23,2581,134,108.0,eval
23,2631,134,101.5,eval
23,2640,134,115.75,eval
23,2664,134,405.0,eval
23,2704,134,101.5,eval
23,2707,134,1174.75,eval
23,2760,134,58.0,eval
23,2826,134,479.75,eval
23,2867,134,111.25,eval
23,2956,134,37.25,eval
24,1062,134,817.25,eval
24,1109,134,894.5,eval
24,1198,134,142.0,eval
24,1207,134,91.25,eval
24,1216,134,34.0,eval
24,1230,134,105.0,eval
24,1247,94,57.25,eval
24,1311,134,148.25,eval
24,1438,134,169.0,eval
24,1445,134,310.75,eval
24,1525,134,449.5,eval
24,1543,134,176.25,eval
24,1558,134,67.75,eval
24,1571,134,132.25,eval
24,1727,134,503.5,eval
24,1754,134,361.75,eval
24,1770,134,44.5,eval
24,1778,134,519.5,eval
24,1803,134,225.5,eval
24,1847,134,132.75,eval
24,1878,134,212.5,eval
24,1885,134,1549.0,eval
24,1902,134,57.5,eval
24,1962,134,277.25,eval
24,1971,134,1239.0,eval
24,1993,134,804.25,eval
24,2126,134,139.0,eval
24,2139,134,111.0,eval
24,2290,134,1221.75,eval
24,2304,134,169.0,eval
24,2306,134,256.75,eval
24,2322,134,91.5,eval
24,2444,134,327.75,eval
24,2490,134,297.0,eval
24,2494,134,148.5,eval
24,2539,134,358.0,eval
24,2569,134,496.75,eval
24,2577,134,196.0,eval
24,2581,134,139.0,eval
24,2631,94,138.75,eval
24,2640,134,330.0,eval
24,2664,134,675.75,eval
24,2704,134,406.0,eval
24,2707,134,1475.5,eval
24,2760,134,148.75,eval
24,2826,134,455.5,eval
24,2867,134,327.75,eval
24,2956,134,84.75,eval
26,1062,134,156.25,eval
26,1109,134,257.0,eval
26,1207,134,249.75,eval
26,1216,134,27.0,eval
26,1230,134,253.5,eval
26,1247,134,17.25,eval
26,1248,134,58.0,eval
26,1445,134,61.0,eval
26,1525,132,27.5,eval
26,1543,134,64.0,eval
26,1558,134,93.75,eval
26,1727,134,124.25,eval
26,1754,134,201.75,eval
26,1770,133,14.25,eval
26,1778,134,108.0,eval
26,1878,134,63.25,eval
26,1885,134,131.75,eval
26,1902,134,20.0,eval
26,1962,134,74.5,eval
26,1971,134,708.75,eval
26,1993,134,186.5,eval
26,2126,132,27.75,eval
26,2139,134,24.0,eval
26,2290,134,591.0,eval
26,2304,134,19.5,eval
26,2306,133,29.75,eval
26,2322,134,277.25,eval
26,2444,133,82.0,eval
26,2490,134,284.0,eval
26,2492,133,27.5,eval
26,2539,134,104.75,eval
26,2569,134,277.0,eval
26,2577,94,20.75,eval
26,2581,134,84.25,eval
26,2631,134,58.25,eval
26,2640,134,87.25,eval
26,2664,134,350.75,eval
26,2704,134,34.25,eval
26,2707,134,249.0,eval
26,2760,134,50.25,eval
26,2826,134,148.0,eval
26,2867,132,21.0,eval
27,1062,134,422.25,eval
27,1109,134,827.25,eval
27,1198,134,57.5,eval
27,1207,134,105.0,eval
27,1216,134,77.5,eval
27,1230,134,117.5,eval
27,1247,134,24.5,eval
27,1248,134,60.75,eval
27,1311,134,74.75,eval
27,1438,134,256.75,eval
27,1445,134,216.5,eval
27,1525,134,237.0,eval
27,1543,134,81.0,eval
27,1558,134,74.5,eval
27,1571,134,98.0,eval
27,1727,134,293.75,eval
27,1754,134,347.75,eval
27,1770,134,33.75,eval
27,1778,134,486.5,eval
27,1803,134,125.25,eval
27,1847,134,151.75,eval
27,1878,134,111.75,eval
27,1885,134,1681.5,eval
27,1902,132,20.25,eval
27,1962,134,142.0,eval
27,1971,134,1684.0,eval
27,1993,134,1039.25,eval
27,2126,132,30.25,eval
27,2139,134,50.75,eval
27,2290,134,1113.75,eval
27,2304,134,60.5,eval
27,2306,134,102.0,eval
27,2322,134,115.75,eval
27,2444,134,270.25,eval
27,2490,134,395.75,eval
27,2492,134,58.0,eval
27,2494,134,324.5,eval
27,2539,134,229.5,eval
27,2569,134,223.5,eval
27,2577,134,98.5,eval
27,2581,134,132.25,eval
27,2631,134,68.25,eval
27,2640,134,230.0,eval
27,2664,134,293.75,eval
27,2704,134,196.25,eval
27,2707,134,1647.75,eval
27,2760,134,88.25,eval
27,2826,134,624.75,eval
27,2867,134,152.75,eval
27,2956,134,61.25,eval
29,1062,134,229.5,eval
29,1109,134,260.25,eval
29,1207,134,162.0,eval
29,1216,134,51.5,eval
29,1230,134,155.25,eval
29,1247,133,17.5,eval
29,1248,134,30.75,eval
29,1445,133,44.0,eval
29,1525,132,23.75,eval
29,1543,134,104.5,eval
29,1558,134,88.0,eval
29,1571,134,27.25,eval
29,1727,134,199.25,eval
29,1754,134,600.75,eval
29,1770,133,17.5,eval
29,1778,134,67.5,eval
29,1878,134,47.5,eval
29,1885,134,155.5,eval
29,1902,134,27.25,eval
29,1962,134,104.25,eval
29,1971,134,1606.5,eval
29,1993,134,158.75,eval
29,2104,132,17.0,eval
29,2126,134,74.0,eval
29,2139,133,36.75,eval
29,2290,134,708.75,eval
29,2304,134,47.5,eval
29,2306,134,67.0,eval
29,2322,134,118.5,eval
29,2444,133,77.75,eval
29,2490,134,239.75,eval
29,2492,134,50.75,eval
29,2539,134,85.75,eval
29,2569,134,330.75,eval
29,2577,126,31.25,eval
29,2581,134,64.75,eval
29,2631,134,102.25,eval
29,2640,134,107.75,eval
29,2664,134,512.75,eval
29,2704,134,30.75,eval
29,2707,134,273.25,eval
29,2760,134,34.5,eval
29,2826,134,172.5,eval
29,2867,132,17.75,eval
29,2956,131,13.0,eval
30,1062,134,331.0,eval
30,1109,134,485.75,eval
30,1198,134,165.5,eval
30,1207,134,84.0,eval
30,1216,134,54.0,eval
30,1230,134,67.75,eval
30,1247,134,40.5,eval
30,1248,133,84.75,eval
30,1311,134,161.75,eval
30,1438,134,91.25,eval
30,1445,134,347.5,eval
30,1525,134,328.25,eval
30,1543,134,54.0,eval
30,1558,134,37.0,eval
30,1571,133,34.25,eval
30,1727,134,350.75,eval
30,1754,134,338.25,eval
30,1770,134,30.75,eval
30,1778,134,297.0,eval
30,1803,134,216.0,eval
30,1847,134,64.25,eval
30,1878,134,196.0,eval
30,1885,134,874.5,eval
30,1902,134,30.0,eval
30,1962,134,121.75,eval
30,1971,134,1546.5,eval
30,1993,134,807.5,eval
30,2126,134,47.25,eval
30,2139,134,37.75,eval
30,2290,134,577.75,eval
30,2304,134,64.75,eval
30,2306,134,168.25,eval
30,2322,134,125.5,eval
30,2444,134,276.25,eval
30,2490,134,459.25,eval
30,2492,133,51.0,eval
30,2494,119,30.5,eval
30,2539,134,422.0,eval
30,2569,134,257.0,eval
30,2577,134,94.25,eval
30,2581,134,84.5,eval
30,2631,134,84.5,eval
30,2640,134,233.0,eval
30,2664,134,422.25,eval
30,2704,134,243.25,eval
30,2707,134,864.25,eval
30,2760,134,54.25,eval
30,2826,134,431.5,eval
30,2867,134,226.25,eval
30,2956,134,24.5,eval
32,1062,134,274.0,eval
32,1109,134,348.0,eval
32,1207,134,158.25,eval
32,1216,134,53.75,eval
32,1230,134,185.5,eval
32,1247,134,37.25,eval
32,1248,134,31.0,eval
32,1445,134,115.25,eval
32,1525,134,98.25,eval
32,1543,134,149.0,eval
32,1558,134,162.25,eval
32,1571,134,57.5,eval
32,1727,134,233.25,eval
32,1754,134,554.0,eval
32,1770,134,14.0,eval
32,1778,134,105.25,eval
32,1878,134,182.75,eval
32,1885,134,344.5,eval
32,1902,134,17.0,eval
32,1962,134,219.25,eval
32,1971,134,1114.25,eval
32,1993,134,247.5,eval
32,2104,134,135.0,eval
32,2126,134,85.25,eval
32,2139,134,54.5,eval
32,2290,134,975.25,eval
32,2304,134,51.25,eval
32,2306,134,91.25,eval
32,2322,134,230.25,eval
32,2444,134,108.5,eval
32,2490,134,216.0,eval
32,2492,134,50.5,eval
32,2539,134,145.25,eval
32,2569,134,399.0,eval
32,2577,134,63.75,eval
32,2581,134,161.75,eval
32,2631,134,77.5,eval
32,2640,134,155.75,eval
32,2664,134,490.0,eval
32,2704,134,167.75,eval
32,2707,134,351.5,eval
32,2760,134,91.5,eval
32,2826,134,226.25,eval
32,2867,134,60.75,eval
32,2956,134,33.5,eval
34,1062,134,199.0,eval
34,1109,134,435.25,eval
34,1207,134,101.25,eval
34,1216,134,43.75,eval
34,1230,134,57.25,eval
34,1247,134,44.25,eval
34,1248,133,50.0,eval
34,1445,134,185.75,eval
34,1525,134,172.75,eval
34,1543,134,91.5,eval
34,1558,134,138.5,eval
34,1571,134,138.0,eval
34,1727,134,253.25,eval
34,1754,134,216.25,eval
34,1770,134,24.0,eval
34,1778,134,84.5,eval
34,1878,134,273.75,eval
34,1885,134,756.25,eval
34,1902,133,25.0,eval
34,1962,134,216.75,eval
34,1971,134,624.25,eval
34,1993,134,507.0,eval
34,2104,134,111.25,eval
34,2126,134,34.0,eval
34,2139,134,37.75,eval
34,2290,134,844.25,eval
34,2304,134,28.0,eval
34,2306,134,54.0,eval
34,2322,134,131.75,eval
34,2444,134,125.75,eval
34,2490,134,90.5,eval
34,2492,134,26.75,eval
34,2539,42,74.75,eval
34,2569,134,205.75,eval
34,2577,134,105.0,eval
34,2581,134,118.5,eval
34,2631,134,31.25,eval
34,2640,134,310.75,eval
34,2664,134,368.0,eval
34,2704,134,402.25,eval
34,2707,134,344.5,eval
34,2760,134,77.5,eval
34,2826,134,351.5,eval
34,2867,134,121.25,eval
34,2956,134,100.5,eval
36,1062,134,294.25,eval
36,1109,134,722.75,eval
36,1198,134,236.25,eval
36,1207,134,37.75,eval
36,1216,134,68.25,eval
36,1230,134,55.0,eval
36,1247,133,44.0,eval
36,1248,134,74.75,eval
36,1311,134,263.25,eval
36,1438,134,148.5,eval
36,1445,134,335.0,eval
36,1525,134,455.5,eval
36,1543,134,48.0,eval
36,1558,134,104.75,eval
36,1571,134,109.0,eval
36,1727,134,324.5,eval
36,1754,134,313.75,eval
36,1770,134,20.5,eval
36,1778,134,300.25,eval
36,1803,134,216.25,eval
36,1847,134,91.25,eval
36,1878,134,196.0,eval
36,1885,134,1313.25,eval
36,1902,134,30.75,eval
36,1962,134,199.5,eval
36,1971,134,1614.0,eval
36,1993,134,766.0,eval
36,2126,134,54.75,eval
36,2139,134,30.25,eval
36,2290,134,775.75,eval
36,2304,134,71.75,eval
36,2306,134,74.5,eval
36,2322,134,81.25,eval
36,2444,134,273.5,eval
36,2490,134,284.0,eval
36,2492,133,50.75,eval
36,2494,134,134.5,eval
36,2539,134,320.75,eval
36,2569,134,290.25,eval
36,2577,134,162.75,eval
36,2581,134,64.75,eval
36,2631,134,132.25,eval
36,2640,134,334.75,eval
36,2664,134,466.0,eval
36,2704,134,300.0,eval
36,2707,134,1256.5,eval
36,2760,134,142.75,eval
36,2826,134,584.5,eval
36,2867,134,263.5,eval
36,2956,134,179.25,eval
39,1062,134,198.75,eval
39,1109,134,293.75,eval
39,1207,134,83.75,eval
39,1216,134,47.75,eval
39,1230,134,168.0,eval
39,1247,134,16.75,eval
39,1248,134,87.75,eval
39,1445,134,44.25,eval
39,1525,134,27.25,eval
39,1543,134,179.25,eval
39,1558,134,95.75,eval
39,1571,132,24.75,eval
39,1727,134,341.0,eval
39,1754,134,352.0,eval
39,1770,133,14.25,eval
39,1778,134,61.75,eval
39,1878,134,84.75,eval
39,1885,134,91.75,eval
39,1902,134,16.75,eval
39,1962,134,142.25,eval
39,1971,134,2191.25,eval
39,1993,134,169.5,eval
39,2104,129,20.5,eval
39,2126,131,20.75,eval
39,2139,134,20.5,eval
39,2290,134,767.25,eval
39,2304,134,91.5,eval
39,2306,133,44.25,eval
39,2322,134,175.5,eval
39,2444,134,77.75,eval
39,2490,134,341.75,eval
39,2492,134,64.5,eval
39,2539,134,81.0,eval
39,2569,134,644.5,eval
39,2577,134,30.75,eval
39,2581,134,128.75,eval
39,2631,134,95.0,eval
39,2640,134,70.75,eval
39,2664,134,554.0,eval
39,2704,134,40.5,eval
39,2707,134,237.0,eval
39,2760,134,21.0,eval
39,2826,134,226.25,eval
39,2867,131,30.75,eval
41,1062,134,115.0,eval
41,1109,134,128.25,eval
41,1198,53,51.5,eval
41,1207,134,60.75,eval
41,1216,134,14.0,eval
41,1230,134,71.25,eval
41,1311,52,64.0,eval
41,1445,46,14.333333333333334,eval
41,1525,133,24.25,eval
41,1543,134,68.0,eval
41,1558,134,91.25,eval
41,1727,134,192.25,eval
41,1754,134,132.75,eval
41,1778,134,88.25,eval
41,1803,53,64.5,eval
41,1878,134,20.75,eval
41,1885,134,162.5,eval
41,1902,114,17.25,eval
41,1962,134,111.0,eval
41,1971,134,1373.75,eval
41,1993,134,104.75,eval
41,2126,133,21.5,eval
41,2290,134,196.0,eval
41,2306,134,20.25,eval
41,2322,134,53.5,eval
41,2490,134,311.5,eval
41,2492,122,47.5,eval
41,2539,134,38.0,eval
41,2569,134,77.75,eval
41,2577,124,23.25,eval
41,2581,134,85.5,eval
41,2640,134,34.0,eval
41,2664,134,226.5,eval
41,2704,134,41.0,eval
41,2707,134,51.25,eval
41,2760,133,27.75,eval
41,2826,134,61.75,eval
42,1062,134,233.5,eval
42,1109,134,462.25,eval
42,1207,134,101.0,eval
42,1216,134,39.75,eval
42,1230,134,112.0,eval
42,1247,134,24.0,eval
42,1248,133,61.0,eval
42,1445,132,77.75,eval
42,1525,134,115.5,eval
42,1543,134,70.5,eval
42,1558,134,81.5,eval
42,1571,134,61.25,eval
42,1727,134,179.5,eval
42,1754,134,257.25,eval
42,1770,134,17.5,eval
42,1778,134,88.0,eval
42,1878,134,291.0,eval
42,1885,134,324.75,eval
42,1902,133,20.5,eval
42,1962,134,216.75,eval
42,1971,134,591.5,eval
42,1993,134,280.5,eval
42,2104,134,55.25,eval
42,2126,134,44.75,eval
42,2139,133,34.0,eval
42,2290,134,753.5,eval
42,2304,134,44.25,eval
42,2306,134,152.5,eval
42,2322,134,145.75,eval
42,2444,134,81.25,eval
42,2490,134,155.5,eval
42,2492,132,44.0,eval
42,2539,134,138.75,eval
42,2569,134,182.5,eval
42,2577,134,98.0,eval
42,2581,134,74.5,eval
42,2631,134,44.5,eval
42,2640,134,428.75,eval
42,2664,134,402.25,eval
42,2704,134,219.5,eval
42,2707,134,304.5,eval
42,2760,134,162.0,eval
42,2826,134,300.5,eval
42,2867,134,121.5,eval
42,2956,134,67.25,eval
43,1062,134,570.75,eval
43,1109,134,1418.0,eval
43,1198,134,702.75,eval
43,1207,134,81.0,eval
43,1216,134,135.25,eval
43,1230,134,108.0,eval
43,1247,134,34.0,eval
43,1248,134,230.0,eval
43,1311,134,837.5,eval
43,1438,134,155.75,eval
43,1445,134,357.75,eval
43,1525,134,628.75,eval
43,1543,134,145.25,eval
43,1558,134,125.0,eval
43,1571,134,74.75,eval
43,1727,134,722.75,eval
43,1754,134,770.0,eval
43,1770,134,34.5,eval
43,1778,134,746.75,eval
43,1803,134,908.75,eval
43,1847,134,125.5,eval
43,1878,134,169.5,eval
43,1885,134,2184.75,eval
43,1902,134,54.25,eval
43,1962,134,344.75,eval
43,1971,134,5146.75,eval
43,1993,134,1262.5,eval
43,2126,134,128.0,eval
43,2139,134,121.5,eval
43,2290,134,1509.25,eval
43,2304,134,104.5,eval
43,2306,134,313.5,eval
43,2322,134,186.0,eval
43,2444,134,307.5,eval
43,2490,134,1300.5,eval
43,2492,134,148.25,eval
43,2494,134,128.75,eval
43,2539,134,705.25,eval
43,2569,134,432.25,eval
43,2577,134,145.5,eval
43,2581,134,161.75,eval
43,2631,134,310.75,eval
43,2640,134,486.75,eval
43,2664,134,797.25,eval
43,2704,134,668.75,eval
43,2707,134,1788.25,eval
43,2760,134,240.0,eval
43,2826,134,1003.0,eval
43,2867,134,270.5,eval
43,2956,134,88.0,eval
50,1062,134,229.5,eval
50,1109,134,418.25,eval
50,1207,134,149.0,eval
50,1216,134,47.0,eval
50,1230,134,144.75,eval
50,1247,134,20.5,eval
50,1248,134,57.5,eval
50,1445,133,141.75,eval
50,1525,134,277.25,eval
50,1543,134,60.25,eval
50,1558,134,53.75,eval
50,1571,134,94.75,eval
50,1727,134,256.5,eval
50,1754,134,236.25,eval
50,1770,134,20.5,eval
50,1778,134,192.5,eval
50,1878,134,391.0,eval
50,1885,134,435.75,eval
50,1902,134,23.5,eval
50,1962,134,159.25,eval
50,1971,134,985.75,eval
50,1993,134,388.0,eval
50,2104,134,48.25,eval
50,2126,134,71.5,eval
50,2139,134,43.75,eval
50,2290,134,780.25,eval
50,2304,134,43.75,eval
50,2306,134,58.25,eval
50,2322,134,172.75,eval
50,2444,134,162.0,eval
50,2490,134,243.5,eval
50,2492,134,38.0,eval
50,2539,134,236.75,eval
50,2569,134,293.5,eval
50,2577,134,178.75,eval
50,2581,134,102.0,eval
50,2631,134,142.75,eval
50,2640,134,482.75,eval
50,2664,134,435.5,eval
50,2704,134,544.0,eval
50,2707,134,472.25,eval
50,2760,134,125.75,eval
50,2826,134,361.5,eval
50,2867,134,139.0,eval
51,1062,134,489.75,eval
51,1109,134,1225.5,eval
51,1198,134,81.75,eval
51,1207,134,84.25,eval
51,1216,134,68.0,eval
51,1230,134,40.5,eval
51,1247,134,44.5,eval
51,1248,134,175.5,eval
51,1311,134,176.0,eval
51,1438,134,146.25,eval
51,1445,134,381.75,eval
51,1525,134,449.25,eval
51,1543,134,108.5,eval
51,1558,134,119.0,eval
51,1571,134,87.75,eval
51,1727,134,392.0,eval
51,1754,134,419.25,eval
51,1770,134,19.75,eval
51,1778,134,462.0,eval
51,1803,134,185.0,eval
51,1847,134,64.5,eval
51,1878,134,121.75,eval
51,1885,134,1357.25,eval
51,1902,133,24.0,eval
51,1962,134,303.5,eval
51,1971,134,2208.0,eval
51,1993,134,857.0,eval
51,2126,134,73.5,eval
51,2139,134,57.5,eval
51,2290,134,975.5,eval
51,2304,134,71.0,eval
51,2306,133,152.0,eval
51,2322,134,121.25,eval
51,2444,134,365.25,eval
51,2490,134,574.5,eval
51,2492,134,40.75,eval
51,2494,134,67.5,eval
51,2539,134,523.75,eval
51,2569,134,290.25,eval
51,2577,134,121.5,eval
51,2581,134,149.0,eval
51,2631,134,51.75,eval
51,2640,134,283.5,eval
51,2664,134,455.75,eval
51,2704,134,290.0,eval
51,2707,134,1340.25,eval
51,2760,134,129.0,eval
51,2826,134,725.75,eval
51,2867,134,266.0,eval
51,2956,134,98.75,eval
52,1062,134,685.0,eval
52,1109,134,1340.75,eval
52,1198,134,536.5,eval
52,1207,134,60.5,eval
52,1216,134,169.25,eval
52,1230,134,81.75,eval
52,1247,134,38.0,eval
52,1248,134,229.75,eval
52,1311,134,645.25,eval
52,1438,134,141.5,eval
52,1445,134,296.75,eval
52,1525,134,560.25,eval
52,1543,134,205.25,eval
52,1558,134,105.0,eval
52,1571,134,114.75,eval
52,1727,134,776.75,eval
52,1754,134,665.5,eval
52,1770,134,51.5,eval
52,1778,134,692.5,eval
52,1803,134,607.25,eval
52,1847,134,121.5,eval
52,1878,134,186.0,eval
52,1885,134,1950.5,eval
52,1902,134,67.25,eval
52,1962,134,274.25,eval
52,1971,134,1613.5,eval
52,1993,134,1039.25,eval
52,2126,134,186.0,eval
52,2139,134,104.5,eval
52,2290,134,1506.25,eval
52,2304,134,146.0,eval
52,2306,134,330.75,eval
52,2322,134,169.0,eval
52,2444,134,409.0,eval
52,2490,134,591.0,eval
52,2492,134,118.75,eval
52,2494,134,213.25,eval
52,2539,134,590.25,eval
52,2569,134,508.75,eval
52,2577,134,220.0,eval
52,2581,134,193.0,eval
52,2631,134,228.75,eval
52,2640,134,388.5,eval
52,2664,134,702.5,eval
52,2704,134,442.75,eval
52,2707,134,1829.5,eval
52,2760,134,270.25,eval
52,2826,134,824.25,eval
52,2867,134,250.0,eval
52,2956,134,145.5,eval
53,1062,134,284.25,eval
53,1109,134,348.0,eval
53,1198,134,175.75,eval
53,1207,134,98.25,eval
53,1216,134,47.5,eval
53,1230,134,40.75,eval
53,1247,133,20.0,eval
53,1248,134,57.75,eval
53,1311,134,158.75,eval
53,1438,134,77.5,eval
53,1445,134,148.25,eval
53,1525,134,105.0,eval
53,1543,134,50.25,eval
53,1558,134,43.75,eval
53,1571,134,37.0,eval
53,1727,134,172.25,eval
53,1754,134,171.75,eval
53,1770,133,17.0,eval
53,1778,134,189.25,eval
53,1803,134,199.0,eval
53,1847,134,64.5,eval
53,1878,134,48.25,eval
53,1885,134,702.75,eval
53,1902,134,21.25,eval
53,1962,134,104.75,eval
53,1971,134,981.75,eval
53,1993,134,402.0,eval
53,2126,134,37.5,eval
53,2139,134,30.5,eval
53,2290,134,469.25,eval
53,2304,134,58.0,eval
53,2306,134,81.75,eval
53,2322,134,57.75,eval
53,2444,134,213.0,eval
53,2490,134,226.25,eval
53,2492,134,27.5,eval
53,2494,134,57.5,eval
53,2539,134,168.75,eval
53,2569,134,206.5,eval
53,2577,134,85.0,eval
53,2581,134,27.0,eval
53,2631,134,80.5,eval
53,2640,134,78.25,eval
53,2664,134,294.0,eval
53,2704,134,74.25,eval
53,2707,134,718.75,eval
53,2760,134,75.0,eval
53,2826,134,364.75,eval
53,2867,132,74.5,eval
53,2956,133,17.25,eval
55,1062,134,287.5,eval
55,1109,134,317.0,eval
55,1198,134,121.75,eval
55,1207,134,44.75,eval
55,1216,133,16.75,eval
55,1230,134,47.25,eval
55,1247,131,17.25,eval
55,1248,133,77.5,eval
55,1311,134,91.25,eval
55,1445,133,128.75,eval
55,1525,134,24.0,eval
55,1543,134,33.5,eval
55,1558,134,54.75,eval
55,1571,134,20.0,eval
55,1727,134,382.25,eval
55,1754,134,101.0,eval
55,1770,134,14.75,eval
55,1778,134,239.5,eval
55,1803,134,152.0,eval
55,1878,134,44.25,eval
55,1885,134,186.25,eval
55,1902,134,14.25,eval
55,1962,134,84.5,eval
55,1971,134,1506.5,eval
55,1993,134,159.0,eval
55,2126,127,17.0,eval
55,2139,133,24.25,eval
55,2290,134,179.0,eval
55,2304,134,27.0,eval
55,2306,134,17.0,eval
55,2322,134,61.25,eval
55,2444,134,105.0,eval
55,2490,134,324.5,eval
55,2492,134,34.5,eval
55,2539,134,198.75,eval
55,2569,134,77.75,eval
55,2581,134,64.75,eval
55,2631,133,61.0,eval
55,2640,134,81.75,eval
55,2664,134,300.25,eval
55,2704,132,44.25,eval
55,2707,134,317.25,eval
55,2760,134,30.5,eval
55,2826,134,234.25,eval
55,2867,133,100.75,eval
57,1062,134,230.5,eval
57,1109,134,142.0,eval
57,1207,134,142.5,eval
57,1216,134,20.75,eval
57,1230,134,165.75,eval
57,1247,134,13.75,eval
57,1248,134,28.25,eval
57,1445,134,75.0,eval
57,1543,134,68.5,eval
57,1558,134,124.75,eval
57,1727,134,100.5,eval
57,1754,134,229.75,eval
57,1770,126,15.0,eval
57,1778,134,84.25,eval
57,1878,134,30.25,eval
57,1885,134,75.0,eval
57,1902,133,18.25,eval
57,1962,134,125.75,eval
57,1971,134,1181.75,eval
57,1993,134,132.0,eval
57,2126,134,17.0,eval
57,2139,134,30.75,eval
57,2290,134,438.5,eval
57,2304,134,60.5,eval
57,2306,134,40.75,eval
57,2322,134,183.5,eval
57,2444,133,132.0,eval
57,2490,134,310.25,eval
57,2492,134,33.75,eval
57,2539,134,44.25,eval
57,2569,134,415.5,eval
57,2577,70,24.25,eval
57,2581,134,91.25,eval
57,2631,134,44.25,eval
57,2640,134,57.0,eval
57,2664,134,358.25,eval
57,2707,134,287.75,eval
57,2826,134,154.75,eval
57,2867,132,31.0,eval
58,1062,134,317.25,eval
58,1109,134,266.25,eval
58,1207,134,266.25,eval
58,1216,134,29.75,eval
58,1230,134,359.0,eval
58,1247,128,17.0,eval
58,1248,134,33.5,eval
58,1445,134,74.25,eval
58,1525,134,24.0,eval
58,1543,134,57.75,eval
58,1558,134,63.75,eval
58,1571,134,33.75,eval
58,1727,134,264.0,eval
58,1754,134,212.5,eval
58,1770,131,21.0,eval
58,1778,134,90.75,eval
58,1878,134,87.5,eval
58,1885,134,135.5,eval
58,1902,134,14.0,eval
58,1962,134,47.75,eval
58,1971,134,999.5,eval
58,1993,134,112.0,eval
58,2104,134,20.5,eval
58,2126,134,33.25,eval
58,2139,134,37.25,eval
58,2290,134,634.25,eval
58,2304,134,31.0,eval
58,2306,134,30.5,eval
58,2322,134,321.25,eval
58,2444,132,74.0,eval
58,2490,134,185.5,eval
58,2492,134,20.75,eval
58,2539,134,51.0,eval
58,2569,134,715.0,eval
58,2577,132,20.25,eval
58,2581,134,95.25,eval
58,2631,134,95.25,eval
58,2640,134,44.25,eval
58,2664,134,496.25,eval
58,2704,134,44.5,eval
58,2707,134,279.75,eval
58,2760,134,27.5,eval
58,2826,134,230.25,eval
58,2867,133,51.25,eval
59,1062,134,392.0,eval
59,1109,134,688.5,eval
59,1198,134,97.5,eval
59,1207,134,81.5,eval
59,1216,134,64.25,eval
59,1230,134,67.5,eval
59,1247,134,37.0,eval
59,1248,134,122.0,eval
59,1311,134,365.5,eval
59,1438,134,91.5,eval
59,1445,134,273.75,eval
59,1525,134,337.25,eval
59,1543,134,122.75,eval
59,1558,134,159.25,eval
59,1571,132,61.0,eval
59,1727,134,357.75,eval
59,1754,134,280.0,eval
59,1770,133,30.75,eval
59,1778,134,269.5,eval
59,1803,134,270.0,eval
59,1847,134,63.75,eval
59,1878,134,138.25,eval
59,1885,134,1417.25,eval
59,1902,134,21.25,eval
59,1962,134,222.75,eval
59,1971,134,1323.25,eval
59,1993,134,712.0,eval
59,2126,134,57.75,eval
59,2139,134,41.75,eval
59,2290,134,935.75,eval
59,2304,134,61.25,eval
59,2306,134,172.25,eval
59,2322,134,118.75,eval
59,2444,134,327.25,eval
59,2490,134,324.5,eval
59,2492,134,47.75,eval
59,2494,134,73.75,eval
59,2539,134,313.75,eval
59,2569,134,297.5,eval
59,2577,134,210.0,eval
59,2581,134,81.0,eval
59,2631,134,172.75,eval
59,2640,134,348.25,eval
59,2664,134,395.0,eval
59,2704,134,227.0,eval
59,2707,134,1073.5,eval
59,2760,134,219.75,eval
59,2826,134,442.5,eval
59,2867,134,284.25,eval
59,2956,134,41.0,eval
61,1062,134,236.25,eval
61,1109,134,323.75,eval
61,1207,134,70.75,eval
61,1216,134,50.75,eval
61,1230,134,186.5,eval
61,1247,134,31.25,eval
61,1248,134,44.75,eval
61,1445,134,128.75,eval
61,1525,134,179.0,eval
61,1543,134,65.25,eval
61,1558,134,98.25,eval
61,1571,134,85.0,eval
61,1727,134,290.75,eval
61,1754,134,354.5,eval
61,1770,134,30.5,eval
61,1778,134,135.0,eval
61,1878,134,316.5,eval
61,1885,134,84.0,eval
61,1902,134,24.5,eval
61,1962,134,149.75,eval
61,1971,134,968.75,eval
61,1993,134,391.5,eval
61,2104,134,30.25,eval
61,2126,134,27.25,eval
61,2139,133,57.75,eval
61,2290,134,905.25,eval
61,2304,134,74.25,eval
61,2306,134,71.5,eval
61,2322,134,104.75,eval
61,2444,133,162.75,eval
61,2490,134,239.75,eval
61,2492,133,61.0,eval
61,2539,134,296.75,eval
61,2569,134,418.5,eval
61,2577,134,98.25,eval
61,2581,134,115.25,eval
61,2631,134,111.0,eval
61,2640,134,483.0,eval
61,2664,134,347.25,eval
61,2704,134,202.5,eval
61,2707,134,385.0,eval
61,2760,134,179.0,eval
61,2826,134,398.0,eval
61,2867,134,115.5,eval
64,1062,134,412.5,eval
64,1109,134,314.5,eval
64,1207,134,348.25,eval
64,1216,133,51.0,eval
64,1230,134,223.5,eval
64,1247,134,31.0,eval
64,1248,134,26.75,eval
64,1445,134,158.0,eval
64,1525,134,74.25,eval
64,1543,134,71.25,eval
64,1558,134,53.5,eval
64,1727,134,175.5,eval
64,1754,134,179.5,eval
64,1770,134,13.75,eval
64,1778,134,159.25,eval
64,1878,134,219.25,eval
64,1885,134,344.5,eval
64,1902,134,21.25,eval
64,1962,134,44.25,eval
64,1971,134,594.0,eval
64,1993,134,287.75,eval
64,2126,132,37.0,eval
64,2139,134,62.0,eval
64,2290,134,712.5,eval
64,2304,134,24.0,eval
64,2306,134,37.5,eval
64,2322,134,222.25,eval
64,2444,134,91.25,eval
64,2490,134,162.5,eval
64,2492,133,44.0,eval
64,2539,134,115.0,eval
64,2569,134,226.0,eval
64,2577,134,48.0,eval
64,2581,134,87.75,eval
64,2631,134,44.0,eval
64,2640,134,250.0,eval
64,2664,134,276.5,eval
64,2704,134,149.25,eval
64,2707,134,381.25,eval
64,2760,134,95.0,eval
64,2826,134,175.25,eval
64,2867,103,47.25,eval
65,1062,134,273.25,eval
65,1109,134,513.25,eval
65,1207,134,213.25,eval
65,1216,134,78.0,eval
65,1230,134,230.25,eval
65,1247,134,64.5,eval
65,1248,134,40.0,eval
65,1445,134,372.5,eval
65,1525,134,262.5,eval
65,1543,134,88.25,eval
65,1558,134,74.25,eval
65,1571,134,135.75,eval
65,1727,134,314.0,eval
65,1754,134,732.25,eval
65,1770,134,33.5,eval
65,1778,134,105.25,eval
65,1878,134,554.25,eval
65,1885,134,659.0,eval
65,1902,134,30.0,eval
65,1962,134,475.75,eval
65,1971,134,2208.0,eval
65,1993,134,445.25,eval
65,2104,134,84.25,eval
65,2126,134,51.0,eval
65,2139,134,51.0,eval
65,2290,134,1319.0,eval
65,2304,134,78.0,eval
65,2306,134,118.75,eval
65,2322,134,213.0,eval
65,2444,134,202.75,eval
65,2490,134,327.25,eval
65,2492,134,54.5,eval
65,2539,134,161.75,eval
65,2569,134,378.0,eval
65,2577,134,142.0,eval
65,2581,134,85.0,eval
65,2631,134,75.5,eval
65,2640,134,600.75,eval
65,2664,134,422.25,eval
65,2704,134,338.5,eval
65,2707,134,621.5,eval
65,2760,134,188.75,eval
65,2826,134,509.75,eval
65,2867,134,165.5,eval
65,2956,134,111.25,eval
66,1062,134,249.5,eval
66,1109,134,584.25,eval
66,1207,134,222.5,eval
66,1216,134,68.25,eval
66,1230,134,209.75,eval
66,1247,134,35.0,eval
66,1248,134,81.75,eval
66,1445,134,263.75,eval
66,1525,134,71.0,eval
66,1543,134,97.5,eval
66,1558,134,104.75,eval
66,1571,134,172.5,eval
66,1727,134,270.25,eval
66,1754,134,644.75,eval
66,1770,134,40.5,eval
66,1778,134,128.25,eval
66,1878,134,385.0,eval
66,1885,134,705.75,eval
66,1902,133,27.5,eval
66,1962,134,223.0,eval
66,1971,134,1039.5,eval
66,1993,134,630.5,eval
66,2104,134,61.5,eval
66,2126,134,74.25,eval
66,2139,134,78.25,eval
66,2290,134,1127.75,eval
66,2304,134,47.75,eval
66,2306,134,87.25,eval
66,2322,134,230.0,eval
66,2444,134,182.0,eval
66,2490,134,270.25,eval
66,2492,134,47.5,eval
66,2539,134,313.75,eval
66,2569,134,257.25,eval
66,2577,134,115.0,eval
66,2581,134,196.0,eval
66,2631,134,115.25,eval
66,2640,134,415.5,eval
66,2664,134,362.0,eval
66,2704,134,192.25,eval
66,2707,134,573.75,eval
66,2760,134,108.25,eval
66,2826,134,310.5,eval
66,2867,134,115.5,eval
66,2956,134,84.25,eval
67,1062,134,463.5,eval
67,1109,134,955.5,eval
67,1198,134,249.0,eval
67,1207,134,60.25,eval
67,1216,134,74.5,eval
67,1230,134,60.25,eval
67,1247,134,78.5,eval
67,1248,134,111.5,eval
67,1311,134,435.75,eval
67,1438,134,202.5,eval
67,1445,134,537.5,eval
67,1525,134,648.25,eval
67,1543,134,118.5,eval
67,1558,134,84.75,eval
67,1571,134,132.25,eval
67,1727,134,475.75,eval
67,1754,134,446.0,eval
67,1770,134,51.25,eval
67,1778,134,483.0,eval
67,1803,134,550.25,eval
67,1847,134,148.25,eval
67,1878,134,334.75,eval
67,1885,134,2200.5,eval
67,1902,134,40.75,eval
67,1962,134,327.0,eval
67,1971,134,2257.75,eval
67,1993,134,1039.75,eval
67,2126,134,122.0,eval
67,2139,134,44.5,eval
67,2290,134,1043.75,eval
67,2304,134,95.0,eval
67,2306,134,173.0,eval
67,2322,134,108.25,eval
67,2444,134,419.25,eval
67,2490,134,550.0,eval
67,2492,134,58.0,eval
67,2494,134,159.25,eval
67,2539,134,601.0,eval
67,2569,134,455.75,eval
67,2577,134,340.5,eval
67,2581,134,91.5,eval
67,2631,134,158.75,eval
67,2640,134,489.5,eval
67,2664,134,604.0,eval
67,2704,134,472.75,eval
67,2707,134,1701.5,eval
67,2760,134,195.5,eval
67,2826,134,799.75,eval
67,2867,134,286.25,eval
67,2956,134,142.0,eval
68,1062,134,223.75,eval
68,1109,134,428.25,eval
68,1207,134,95.5,eval
68,1216,134,36.75,eval
68,1230,134,93.5,eval
68,1247,134,41.0,eval
68,1248,134,44.5,eval
68,1445,134,122.25,eval
68,1525,134,190.0,eval
68,1543,134,114.25,eval
68,1558,134,61.25,eval
68,1571,134,85.25,eval
68,1727,134,152.25,eval
68,1754,134,448.5,eval
68,1770,131,30.25,eval
68,1778,134,68.25,eval
68,1878,134,294.0,eval
68,1885,134,267.0,eval
68,1902,134,20.5,eval
68,1962,134,161.75,eval
68,1971,134,891.25,eval
68,1993,134,355.25,eval
68,2104,134,33.25,eval
68,2126,134,71.25,eval
68,2139,134,54.25,eval
68,2290,134,736.0,eval
68,2304,134,74.75,eval
68,2306,134,87.75,eval
68,2322,134,74.5,eval
68,2444,134,172.0,eval
68,2490,134,128.25,eval
68,2492,134,24.5,eval
68,2539,134,165.75,eval
68,2569,134,172.5,eval
68,2577,134,97.75,eval
68,2581,134,108.75,eval
68,2631,134,84.5,eval
68,2640,134,239.75,eval
68,2664,134,313.75,eval
68,2704,134,128.0,eval
68,2707,134,280.5,eval
68,2760,134,131.75,eval
68,2826,134,321.0,eval
68,2867,134,91.5,eval
68,2956,134,98.25,eval
72,1062,134,398.25,eval
72,1109,134,452.0,eval
72,1198,133,38.5,eval
72,1207,134,90.75,eval
72,1216,133,44.0,eval
72,1230,134,135.5,eval
72,1247,130,18.0,eval
72,1248,134,47.75,eval
72,1311,134,64.0,eval
72,1438,134,67.5,eval
72,1445,133,203.0,eval
72,1525,134,105.25,eval
72,1543,134,30.0,eval
72,1558,134,83.75,eval
72,1571,134,40.5,eval
72,1727,134,378.5,eval
72,1754,134,270.25,eval
72,1770,133,24.0,eval
72,1778,134,324.5,eval
72,1803,134,68.0,eval
72,1847,134,92.0,eval
72,1878,134,37.5,eval
72,1885,134,989.25,eval
72,1902,134,17.75,eval
72,1962,134,179.0,eval
72,1971,134,2910.0,eval
72,1993,134,655.0,eval
72,2126,134,33.5,eval
72,2139,134,26.75,eval
72,2290,134,588.0,eval
72,2304,134,23.75,eval
72,2306,134,61.5,eval
72,2322,134,131.25,eval
72,2444,134,300.0,eval
72,2490,134,448.75,eval
72,2492,134,41.0,eval
72,2494,134,40.5,eval
72,2539,134,183.25,eval
72,2569,134,209.5,eval
72,2577,134,61.0,eval
72,2581,134,132.5,eval
72,2631,134,57.5,eval
72,2640,134,94.5,eval
72,2664,134,375.0,eval
72,2704,134,65.0,eval
72,2707,134,793.5,eval
72,2760,134,44.0,eval
72,2826,134,509.5,eval
72,2867,133,196.5,eval
72,2956,133,20.5,eval
73,1062,134,192.75,eval
73,1109,134,260.25,eval
73,1207,134,111.25,eval
73,1216,134,33.5,eval
73,1230,134,155.5,eval
73,1247,134,31.5,eval
73,1248,134,57.75,eval
73,1445,134,171.75,eval
73,1525,134,111.5,eval
73,1543,134,111.5,eval
73,1558,134,119.0,eval
73,1727,134,172.0,eval
73,1754,134,530.5,eval
73,1770,134,24.0,eval
73,1778,134,71.75,eval
73,1878,134,203.5,eval
73,1885,134,233.0,eval
73,1902,133,27.75,eval
73,1962,134,165.75,eval
73,1971,134,1083.25,eval
73,1993,134,192.5,eval
73,2126,134,27.5,eval
73,2139,134,36.75,eval
73,2290,134,762.75,eval
73,2304,134,107.25,eval
73,2306,134,47.0,eval
73,2322,134,144.75,eval
73,2444,134,148.75,eval
73,2490,134,185.75,eval
73,2492,134,67.75,eval
73,2539,134,84.0,eval
73,2569,134,459.25,eval
73,2577,134,71.5,eval
73,2581,134,117.75,eval
73,2631,134,98.0,eval
73,2640,134,205.75,eval
73,2664,134,371.75,eval
73,2704,134,185.5,eval
73,2707,134,172.75,eval
73,2760,134,84.75,eval
73,2826,134,145.25,eval
73,2867,134,81.25,eval
74,1062,134,115.0,eval
74,1109,134,101.75,eval
74,1207,134,95.25,eval
74,1216,134,21.25,eval
74,1230,134,88.25,eval
74,1247,128,14.0,eval
74,1248,130,40.5,eval
74,1445,132,71.5,eval
74,1525,132,14.0,eval
74,1543,134,40.5,eval
74,1558,133,104.25,eval
74,1571,134,14.5,eval
74,1727,134,115.5,eval
74,1754,134,172.5,eval
74,1770,134,18.0,eval
74,1778,134,37.5,eval
74,1878,134,50.75,eval
74,1885,134,166.25,eval
74,1902,133,21.0,eval
74,1962,134,88.0,eval
74,1971,134,442.0,eval
74,1993,134,151.5,eval
74,2104,134,17.5,eval
74,2126,134,13.5,eval
74,2139,134,17.25,eval
74,2290,134,317.0,eval
74,2304,134,23.5,eval
74,2306,133,33.5,eval
74,2322,134,58.0,eval
74,2444,132,60.75,eval
74,2490,134,135.5,eval
74,2492,134,17.25,eval
74,2539,134,26.75,eval
74,2569,134,169.25,eval
74,2577,134,24.0,eval
74,2581,134,77.0,eval
74,2631,134,30.25,eval
74,2640,134,87.0,eval
74,2664,134,178.25,eval
74,2704,134,20.5,eval
74,2707,134,219.5,eval
74,2760,133,17.25,eval
74,2826,134,74.25,eval
74,2867,134,44.5,eval
74,2956,134,47.5,eval
75,1062,134,502.5,eval
75,1109,134,617.25,eval
75,1207,134,121.25,eval
75,1216,134,101.25,eval
75,1230,134,185.25,eval
75,1247,134,33.75,eval
75,1248,134,90.5,eval
75,1445,134,189.0,eval
75,1525,134,172.75,eval
75,1543,134,145.25,eval
75,1558,134,85.5,eval
75,1571,134,148.0,eval
75,1727,134,313.75,eval
75,1754,134,341.25,eval
75,1770,134,40.0,eval
75,1778,134,185.5,eval
75,1878,134,286.5,eval
75,1885,134,381.75,eval
75,1902,134,53.75,eval
75,1962,134,269.25,eval
75,1971,134,725.75,eval
75,1993,134,357.25,eval
75,2126,134,119.0,eval
75,2139,134,64.0,eval
75,2290,134,1184.75,eval
75,2304,134,84.75,eval
75,2306,134,131.25,eval
75,2322,134,121.5,eval
75,2444,133,135.5,eval
75,2490,134,210.0,eval
75,2492,134,82.0,eval
75,2539,134,196.5,eval
75,2569,134,266.75,eval
75,2577,117,276.75,eval
75,2581,134,243.75,eval
75,2631,134,155.25,eval
75,2640,134,516.5,eval
75,2664,134,519.5,eval
75,2704,134,374.5,eval
75,2707,134,385.5,eval
75,2760,133,146.0,eval
75,2826,134,401.75,eval
75,2867,134,125.5,eval
75,2956,134,105.0,eval
76,1062,134,287.0,eval
76,1109,134,469.75,eval
76,1198,134,101.75,eval
76,1207,134,40.5,eval
76,1230,134,40.75,eval
76,1247,134,14.75,eval
76,1248,134,80.25,eval
76,1311,134,111.5,eval
76,1438,134,101.75,eval
76,1445,134,114.75,eval
76,1525,134,242.75,eval
76,1543,134,87.75,eval
76,1558,134,57.75,eval
76,1727,134,181.75,eval
76,1754,134,125.5,eval
76,1770,134,33.25,eval
76,1778,134,287.75,eval
76,1803,134,78.0,eval
76,1847,134,61.25,eval
76,1878,134,108.0,eval
76,1885,134,735.75,eval
76,1902,133,24.0,eval
76,1962,134,125.5,eval
76,1971,134,915.25,eval
76,1993,134,266.75,eval
76,2126,134,88.25,eval
76,2139,134,37.0,eval
76,2290,134,596.5,eval
76,2304,134,88.5,eval
76,2306,133,44.25,eval
76,2322,134,50.5,eval
76,2444,134,203.25,eval
76,2490,134,128.5,eval
76,2492,107,94.75,eval
76,2494,134,138.25,eval
76,2539,134,149.0,eval
76,2569,134,141.75,eval
76,2577,134,131.5,eval
76,2581,133,145.5,eval
76,2631,134,57.25,eval
76,2640,134,118.25,eval
76,2664,134,223.0,eval
76,2704,134,155.0,eval
76,2707,134,634.75,eval
76,2760,134,57.5,eval
76,2826,134,277.5,eval
76,2867,134,104.25,eval
77,1062,134,182.0,eval
77,1109,134,179.0,eval
77,1207,134,75.0,eval
77,1216,134,27.25,eval
77,1230,134,108.5,eval
77,1247,134,44.75,eval
77,1248,133,57.75,eval
77,1445,132,81.5,eval
77,1525,134,27.0,eval
77,1543,134,57.25,eval
77,1558,134,63.75,eval
77,1571,134,24.25,eval
77,1727,134,250.25,eval
77,1754,134,360.75,eval
77,1770,126,24.5,eval
77,1778,134,101.25,eval
77,1878,134,74.5,eval
77,1885,134,307.25,eval
77,1902,134,21.25,eval
77,1962,134,115.25,eval
77,1971,134,1296.5,eval
77,1993,134,203.0,eval
77,2126,133,24.25,eval
77,2139,134,26.5,eval
77,2290,134,556.75,eval
77,2304,134,24.0,eval
77,2306,134,24.0,eval
77,2322,134,115.25,eval
77,2444,134,121.75,eval
77,2490,134,195.75,eval
77,2492,134,27.5,eval
77,2539,134,162.25,eval
77,2569,134,463.5,eval
77,2577,122,27.25,eval
77,2581,134,94.25,eval
77,2631,134,44.25,eval
77,2640,134,85.0,eval
77,2664,134,324.25,eval
77,2704,134,21.25,eval
77,2707,134,216.0,eval
77,2760,134,27.75,eval
77,2826,134,185.75,eval
77,2867,134,37.5,eval
80,1062,134,307.5,eval
80,1109,134,601.5,eval
80,1198,134,105.0,eval
80,1207,134,61.25,eval
80,1216,134,40.75,eval
80,1230,134,77.5,eval
80,1247,134,27.75,eval
80,1248,133,290.75,eval
80,1311,134,182.25,eval
80,1438,134,53.75,eval
80,1445,134,183.25,eval
80,1525,134,95.0,eval
80,1543,134,37.5,eval
80,1558,134,68.5,eval
80,1571,133,34.75,eval
80,1727,134,530.0,eval
80,1754,134,381.5,eval
80,1770,133,23.75,eval
80,1778,134,251.0,eval
80,1803,134,202.5,eval
80,1847,134,135.25,eval
80,1878,134,54.0,eval
80,1885,134,854.0,eval
80,1902,132,20.25,eval
80,1962,134,138.25,eval
80,1971,134,3706.5,eval
80,1993,134,637.25,eval
80,2126,134,17.25,eval
80,2139,134,27.0,eval
80,2290,134,557.25,eval
80,2304,134,27.0,eval
80,2306,134,64.25,eval
80,2322,134,105.25,eval
80,2444,134,234.0,eval
80,2490,134,688.0,eval
80,2492,133,30.5,eval
80,2494,134,81.25,eval
80,2539,134,242.5,eval
80,2569,134,377.75,eval
80,2577,133,47.75,eval
80,2581,134,138.75,eval
80,2631,133,266.75,eval
80,2640,134,125.5,eval
80,2664,134,533.75,eval
80,2704,134,71.75,eval
80,2707,134,803.0,eval
80,2760,134,47.5,eval
80,2826,134,546.75,eval
80,2867,132,122.75,eval
80,2956,132,24.75,eval
81,1062,134,175.5,eval
81,1109,134,324.25,eval
81,1207,134,159.0,eval
81,1216,134,47.5,eval
81,1230,134,162.0,eval
81,1247,133,36.75,eval
81,1248,134,64.0,eval
81,1445,134,125.0,eval
81,1525,134,60.25,eval
81,1543,134,84.5,eval
81,1558,134,78.0,eval
81,1571,134,19.75,eval
81,1727,134,206.75,eval
81,1754,134,438.5,eval
81,1770,134,27.5,eval
81,1778,134,108.5,eval
81,1878,134,104.75,eval
81,1885,134,344.0,eval
81,1902,131,34.0,eval
81,1962,134,128.75,eval
81,1971,134,881.5,eval
81,1993,134,307.75,eval
81,2104,134,34.25,eval
81,2126,134,27.75,eval
81,2139,134,44.0,eval
81,2290,134,729.25,eval
81,2304,134,75.0,eval
81,2306,134,44.5,eval
81,2322,134,209.75,eval
81,2444,133,101.75,eval
81,2490,134,256.75,eval
81,2492,134,44.25,eval
81,2539,134,205.75,eval
81,2569,134,284.0,eval
81,2577,134,40.0,eval
81,2581,134,90.5,eval
81,2631,134,81.0,eval
81,2640,134,158.5,eval
81,2664,134,314.5,eval
81,2704,134,189.5,eval
81,2707,134,324.75,eval
81,2760,134,64.5,eval
81,2826,134,284.5,eval
81,2867,133,77.0,eval
83,1062,134,350.5,eval
83,1109,134,411.75,eval
83,1207,134,348.0,eval
83,1216,134,53.75,eval
83,1230,134,263.5,eval
83,1247,134,30.25,eval
83,1248,134,54.25,eval
83,1445,134,209.25,eval
83,1525,134,88.75,eval
83,1543,134,85.0,eval
83,1558,134,121.5,eval
83,1571,134,40.75,eval
83,1727,134,280.5,eval
83,1754,134,378.0,eval
83,1770,134,23.25,eval
83,1778,134,172.0,eval
83,1878,134,287.25,eval
83,1885,134,905.25,eval
83,1902,134,36.75,eval
83,1962,134,148.25,eval
83,1971,134,1492.5,eval
83,1993,134,921.75,eval
83,2104,132,47.0,eval
83,2126,134,44.0,eval
83,2139,134,50.25,eval
83,2290,134,1060.0,eval
83,2304,134,40.0,eval
83,2306,134,119.0,eval
83,2322,134,222.75,eval
83,2444,134,176.25,eval
83,2490,134,341.0,eval
83,2492,134,30.75,eval
83,2539,134,364.25,eval
83,2569,134,274.0,eval
83,2577,134,84.75,eval
83,2581,134,227.0,eval
83,2631,134,88.25,eval
83,2640,134,287.0,eval
83,2664,134,442.5,eval
83,2704,134,243.0,eval
83,2707,134,584.0,eval
83,2760,134,91.75,eval
83,2826,134,344.5,eval
83,2867,134,105.25,eval
83,2956,134,64.0,eval
86,1062,134,553.75,eval
86,1109,134,519.5,eval
86,1207,134,108.25,eval
86,1216,134,53.75,eval
86,1230,134,115.0,eval
86,1247,129,17.0,eval
86,1248,134,91.5,eval
86,1438,134,135.25,eval
86,1445,133,74.75,eval
86,1525,134,41.75,eval
86,1543,134,88.0,eval
86,1558,134,85.0,eval
86,1571,134,24.5,eval
86,1727,134,489.75,eval
86,1754,134,898.25,eval
86,1770,133,27.25,eval
86,1778,134,358.25,eval
86,1847,134,84.5,eval
86,1878,134,40.0,eval
86,1885,134,321.5,eval
86,1902,131,14.0,eval
86,1962,134,161.75,eval
86,1971,134,3095.25,eval
86,1993,134,229.75,eval
86,2126,134,20.25,eval
86,2139,134,40.25,eval
86,2290,134,865.25,eval
86,2304,134,43.75,eval
86,2306,134,41.5,eval
86,2322,134,104.75,eval
86,2444,133,172.0,eval
86,2490,134,789.25,eval
86,2492,134,58.0,eval
86,2494,134,81.0,eval
86,2539,134,158.5,eval
86,2569,134,183.0,eval
86,2577,134,44.0,eval
86,2581,134,240.25,eval
86,2631,133,100.5,eval
86,2640,134,74.5,eval
86,2664,134,503.25,eval
86,2704,134,40.5,eval
86,2707,134,432.0,eval
86,2760,133,40.75,eval
86,2826,134,328.0,eval
86,2867,134,87.25,eval
86,2956,134,13.5,eval
88,1062,134,171.75,eval
88,1109,134,253.25,eval
88,1207,134,280.75,eval
88,1216,134,48.0,eval
88,1230,134,158.75,eval
88,1247,134,21.5,eval
88,1248,134,64.25,eval
88,1445,132,77.75,eval
88,1525,134,51.0,eval
88,1543,134,81.25,eval
88,1558,133,64.0,eval
88,1571,133,17.0,eval
88,1727,134,168.5,eval
88,1754,134,483.0,eval
88,1770,134,20.5,eval
88,1778,134,71.25,eval
88,1878,134,60.75,eval
88,1885,134,131.25,eval
88,1902,134,17.5,eval
88,1962,134,104.25,eval
88,1971,134,1437.5,eval
88,1993,134,142.25,eval
88,2104,134,17.25,eval
88,2126,134,47.75,eval
88,2139,134,88.0,eval
88,2290,134,770.0,eval
88,2304,134,53.75,eval
88,2306,134,64.0,eval
88,2322,134,168.5,eval
88,2444,134,85.5,eval
88,2490,134,209.0,eval
88,2492,133,67.75,eval
88,2539,134,31.0,eval
88,2569,134,392.5,eval
88,2577,122,40.75,eval
88,2581,134,90.5,eval
88,2631,134,148.5,eval
88,2640,134,71.75,eval
88,2664,134,431.75,eval
88,2704,134,50.75,eval
88,2707,134,182.25,eval
88,2760,134,30.75,eval
88,2826,134,108.75,eval
88,2867,133,47.0,eval
88,2956,130,20.0,eval
89,1062,134,388.0,eval
89,1109,134,608.25,eval
89,1198,134,176.0,eval
89,1207,134,101.0,eval
89,1216,134,82.0,eval
89,1230,134,105.25,eval
89,1247,133,17.25,eval
89,1248,134,77.5,eval
89,1311,134,236.25,eval
89,1438,134,125.75,eval
89,1445,132,364.75,eval
89,1525,134,196.25,eval
89,1543,134,41.25,eval
89,1558,134,138.75,eval
89,1571,134,101.0,eval
89,1727,134,355.0,eval
89,1754,134,274.25,eval
89,1770,134,44.0,eval
89,1778,134,199.75,eval
89,1803,134,263.75,eval
89,1847,134,88.5,eval
89,1878,133,95.5,eval
89,1885,134,1202.75,eval
89,1902,134,20.0,eval
89,1962,134,246.75,eval
89,1971,134,2336.0,eval
89,1993,134,725.5,eval
89,2126,134,64.75,eval
89,2139,134,27.25,eval
89,2290,134,709.25,eval
89,2304,134,60.75,eval
89,2306,134,239.75,eval
89,2322,134,151.75,eval
89,2444,134,300.75,eval
89,2490,134,480.0,eval
89,2492,134,60.75,eval
89,2494,134,78.25,eval
89,2539,134,334.25,eval
89,2569,134,277.0,eval
89,2577,133,37.75,eval
89,2581,134,124.5,eval
89,2631,134,91.75,eval
89,2640,134,183.0,eval
89,2664,134,395.0,eval
89,2704,134,135.25,eval
89,2707,134,1184.75,eval
89,2760,134,111.25,eval
89,2826,134,634.75,eval
89,2867,134,189.5,eval
89,2956,134,104.5,eval
91,1062,134,114.75,eval
91,1109,134,88.5,eval
91,1198,71,37.0,eval
91,1207,134,91.25,eval
91,1216,134,20.25,eval
91,1248,133,34.25,eval
91,1311,133,33.5,eval
91,1445,133,101.75,eval
91,1525,134,17.75,eval
91,1543,134,17.5,eval
91,1558,134,80.5,eval
91,1727,134,87.75,eval
91,1754,134,182.5,eval
91,1778,134,88.25,eval
91,1803,134,24.0,eval
91,1878,134,24.0,eval
91,1885,134,40.75,eval
91,1962,134,101.25,eval
91,1971,134,563.75,eval
91,1993,134,70.75,eval
91,2126,131,20.5,eval
91,2290,134,101.0,eval
91,2304,129,14.0,eval
91,2322,134,50.0,eval
91,2490,134,229.5,eval
91,2539,134,27.25,eval
91,2569,134,114.5,eval
91,2581,134,138.25,eval
91,2631,133,26.75,eval
91,2640,132,40.0,eval
91,2664,134,338.0,eval
91,2704,132,13.5,eval
91,2707,134,81.5,eval
91,2760,134,33.75,eval
91,2826,134,88.0,eval
92,1062,134,193.0,eval
92,1109,134,203.25,eval
92,1207,134,162.25,eval
92,1216,134,34.25,eval
92,1230,134,209.25,eval
92,1247,124,13.75,eval
92,1248,134,84.0,eval
92,1445,132,30.25,eval
92,1525,134,21.25,eval
92,1543,134,111.5,eval
92,1558,134,114.5,eval
92,1727,134,192.25,eval
92,1754,134,625.25,eval
92,1770,133,17.25,eval
92,1778,134,44.0,eval
92,1878,134,34.5,eval
92,1885,134,105.25,eval
92,1902,132,14.25,eval
92,1962,134,115.5,eval
92,1971,134,1317.0,eval
92,1993,134,81.25,eval
92,2126,134,31.75,eval
92,2139,132,31.5,eval
92,2290,134,618.0,eval
92,2304,134,98.75,eval
92,2306,134,31.25,eval
92,2322,134,118.0,eval
92,2444,133,57.75,eval
92,2490,134,196.0,eval
92,2492,134,27.5,eval
92,2539,57,81.75,eval
92,2569,134,574.0,eval
92,2581,134,114.75,eval
92,2631,134,111.5,eval
92,2640,134,28.0,eval
92,2664,134,492.5,eval
92,2704,134,24.0,eval
92,2707,134,139.0,eval
92,2760,132,104.25,eval
92,2826,134,152.5,eval
92,2867,134,24.5,eval
93,1062,134,229.5,eval
93,1109,134,412.25,eval
93,1207,134,179.0,eval
93,1216,134,64.75,eval
93,1230,134,151.5,eval
93,1247,134,23.75,eval
93,1248,134,51.5,eval
93,1445,134,115.75,eval
93,1525,134,40.5,eval
93,1543,134,90.5,eval
93,1558,134,101.0,eval
93,1571,134,87.5,eval
93,1727,134,182.75,eval
93,1754,134,300.5,eval
93,1770,134,14.25,eval
93,1778,134,118.75,eval
93,1878,134,182.0,eval
93,1885,134,303.25,eval
93,1902,133,24.25,eval
93,1962,134,154.75,eval
93,1971,134,1205.0,eval
93,1993,134,249.75,eval
93,2104,134,40.5,eval
93,2126,134,44.25,eval
93,2139,134,34.0,eval
93,2290,134,664.75,eval
93,2304,134,60.25,eval
93,2306,134,50.75,eval
93,2322,134,152.75,eval
93,2444,134,131.0,eval
93,2490,134,206.0,eval
93,2492,134,37.75,eval
93,2539,134,94.25,eval
93,2569,134,233.25,eval
93,2577,134,44.25,eval
93,2581,134,94.5,eval
93,2631,134,84.25,eval
93,2640,134,260.5,eval
93,2664,134,300.0,eval
93,2704,134,141.5,eval
93,2707,134,405.5,eval
93,2760,134,40.25,eval
93,2826,134,388.5,eval
93,2867,133,40.75,eval
93,2956,134,26.75,eval
94,1062,134,223.25,eval
94,1109,134,216.5,eval
94,1207,134,185.5,eval
94,1216,134,61.0,eval
94,1230,134,125.25,eval
94,1247,133,17.25,eval
94,1248,134,27.0,eval
94,1445,134,97.75,eval
94,1525,134,31.0,eval
94,1543,134,37.25,eval
94,1558,134,95.0,eval
94,1727,134,149.25,eval
94,1754,134,314.25,eval
94,1770,130,19.5,eval
94,1778,134,40.75,eval
94,1878,134,44.0,eval
94,1885,134,264.25,eval
94,1902,133,14.25,eval
94,1962,134,149.25,eval
94,1971,134,959.25,eval
94,1993,134,145.0,eval
94,2126,134,17.25,eval
94,2139,134,23.0,eval
94,2290,134,577.0,eval
94,2304,133,27.25,eval
94,2306,134,53.75,eval
94,2322,134,240.25,eval
94,2444,134,81.25,eval
94,2490,134,237.0,eval
94,2492,134,30.75,eval
94,2539,134,114.75,eval
94,2569,134,408.25,eval
94,2577,132,34.25,eval
94,2581,134,111.75,eval
94,2631,134,48.0,eval
94,2640,134,40.5,eval
94,2664,134,368.25,eval
94,2704,134,50.5,eval
94,2707,134,398.75,eval
94,2760,134,30.25,eval
94,2826,134,179.0,eval
94,2867,134,36.75,eval
97,1062,134,355.0,eval
97,1109,134,547.5,eval
97,1207,134,286.75,eval
97,1216,134,57.0,eval
97,1230,134,263.25,eval
97,1247,133,50.75,eval
97,1248,134,57.5,eval
97,1445,134,307.25,eval
97,1525,134,159.75,eval
97,1543,134,60.5,eval
97,1558,134,192.0,eval
97,1571,134,88.25,eval
97,1727,134,246.0,eval
97,1754,134,486.5,eval
97,1770,134,37.75,eval
97,1778,134,142.5,eval
97,1878,134,354.0,eval
97,1885,134,479.5,eval
97,1902,134,24.25,eval
97,1962,134,243.5,eval
97,1971,134,2551.5,eval
97,1993,134,614.0,eval
97,2104,134,99.25,eval
97,2126,134,44.5,eval
97,2139,134,34.25,eval
97,2290,134,1185.0,eval
97,2304,134,37.5,eval
97,2306,134,148.0,eval
97,2322,134,307.75,eval
97,2444,134,348.5,eval
97,2490,134,371.5,eval
97,2492,133,84.5,eval
97,2539,134,247.0,eval
97,2569,134,432.25,eval
97,2577,134,115.25,eval
97,2581,134,139.25,eval
97,2631,134,95.25,eval
97,2640,134,354.0,eval
97,2664,134,466.75,eval
97,2704,134,256.5,eval
97,2707,134,631.5,eval
97,2760,134,179.0,eval
97,2826,134,368.5,eval
97,2867,134,233.5,eval
99,1062,134,536.75,eval
99,1109,134,776.5,eval
99,1207,134,105.25,eval
99,1216,134,67.0,eval
99,1230,134,128.25,eval
99,1247,134,28.25,eval
99,1248,133,277.75,eval
99,1438,134,90.25,eval
99,1445,134,314.25,eval
99,1525,134,246.75,eval
99,1543,134,50.75,eval
99,1558,134,55.0,eval
99,1571,134,40.5,eval
99,1727,134,469.25,eval
99,1754,134,232.5,eval
99,1770,134,23.75,eval
99,1778,134,472.5,eval
99,1847,134,64.25,eval
99,1878,134,64.75,eval
99,1885,134,1224.75,eval
99,1902,133,27.25,eval
99,1962,134,152.5,eval
99,1971,134,2494.5,eval
99,1993,134,904.25,eval
99,2126,134,64.0,eval
99,2139,134,40.5,eval
99,2290,134,823.25,eval
99,2304,134,51.0,eval
99,2306,134,175.75,eval
99,2322,134,212.25,eval
99,2444,133,357.75,eval
99,2490,134,466.0,eval
99,2492,133,53.75,eval
99,2494,134,84.5,eval
99,2539,134,284.0,eval
99,2569,134,290.25,eval
99,2577,134,125.5,eval
99,2581,134,87.75,eval
99,2631,134,176.0,eval
99,2640,134,179.25,eval
99,2664,134,331.0,eval
99,2704,134,115.75,eval
99,2707,134,1866.5,eval
99,2760,134,75.0,eval
99,2826,134,652.0,eval
99,2867,133,195.25,eval
99,2956,134,51.25,eval
101,1062,134,411.5,eval
101,1109,134,608.0,eval
101,1198,132,74.75,eval
101,1207,134,158.75,eval
101,1216,134,27.75,eval
101,1230,134,131.5,eval
101,1247,133,26.25,eval
101,1248,134,99.0,eval
101,1311,133,27.25,eval
101,1438,134,108.75,eval
101,1445,134,212.75,eval
101,1525,133,55.5,eval
101,1543,134,75.0,eval
101,1558,134,88.0,eval
101,1727,134,384.5,eval
101,1754,134,185.25,eval
101,1770,132,20.75,eval
101,1778,134,300.25,eval
101,1803,134,61.0,eval
101,1847,134,162.0,eval
101,1878,134,101.75,eval
101,1885,134,594.25,eval
101,1902,134,16.75,eval
101,1962,134,85.0,eval
101,1971,134,1435.0,eval
101,1993,134,338.25,eval
101,2126,134,27.25,eval
101,2139,134,21.0,eval
101,2290,134,384.0,eval
101,2304,134,64.25,eval
101,2306,134,54.25,eval
101,2322,134,124.75,eval
101,2444,132,345.5,eval
101,2490,134,448.75,eval
101,2492,134,27.5,eval
101,2494,134,155.0,eval
101,2539,134,165.75,eval
101,2569,134,219.75,eval
101,2577,134,47.75,eval
101,2581,134,176.25,eval
101,2631,134,88.0,eval
101,2640,134,98.25,eval
101,2664,134,405.0,eval
101,2704,134,24.75,eval
101,2707,134,662.5,eval
101,2760,134,25.0,eval
101,2826,134,499.75,eval
101,2867,134,149.5,eval
102,1062,134,203.25,eval
102,1109,134,209.0,eval
102,1207,134,313.75,eval
102,1216,134,21.0,eval
102,1230,134,318.0,eval
102,1247,133,23.5,eval
102,1248,134,53.5,eval
102,1445,133,199.25,eval
102,1525,132,14.25,eval
102,1543,134,41.5,eval
102,1558,134,102.5,eval
102,1727,134,203.0,eval
102,1754,134,172.25,eval
102,1770,132,13.5,eval
102,1778,134,90.75,eval
102,1878,134,41.0,eval
102,1885,134,438.75,eval
102,1902,132,14.5,eval
102,1962,134,138.25,eval
102,1971,134,1245.25,eval
102,1993,134,544.0,eval
102,2126,133,43.5,eval
102,2139,134,28.0,eval
102,2290,134,476.0,eval
102,2304,134,27.75,eval
102,2306,132,26.5,eval
102,2322,134,280.5,eval
102,2444,132,152.25,eval
102,2490,134,192.5,eval
102,2492,134,31.5,eval
102,2539,134,44.75,eval
102,2569,134,523.0,eval
102,2581,134,85.0,eval
102,2631,134,64.5,eval
102,2640,134,98.75,eval
102,2664,134,365.25,eval
102,2704,134,47.25,eval
102,2707,134,317.5,eval
102,2760,134,20.5,eval
102,2826,134,155.5,eval
102,2867,132,70.5,eval
104,1062,134,618.25,eval
104,1109,134,783.0,eval
104,1198,134,381.5,eval
104,1207,134,125.0,eval
104,1216,134,61.5,eval
104,1230,134,122.25,eval
104,1247,134,27.0,eval
104,1248,134,118.25,eval
104,1311,134,361.75,eval
104,1438,134,40.25,eval
104,1445,134,364.5,eval
104,1525,134,263.75,eval
104,1543,134,47.75,eval
104,1558,134,61.25,eval
104,1571,134,84.5,eval
104,1727,134,540.5,eval
104,1754,134,429.0,eval
104,1770,132,27.5,eval
104,1778,134,530.0,eval
104,1803,134,364.5,eval
104,1847,134,37.5,eval
104,1878,134,75.0,eval
104,1885,134,1474.75,eval
104,1902,134,20.75,eval
104,1962,134,173.0,eval
104,1971,134,2724.0,eval
104,1993,134,1157.5,eval
104,2126,134,77.5,eval
104,2139,134,27.0,eval
104,2290,134,854.0,eval
104,2304,134,44.25,eval
104,2306,134,36.5,eval
104,2322,134,145.25,eval
104,2444,134,293.75,eval
104,2490,134,486.5,eval
104,2492,133,57.75,eval
104,2494,134,53.75,eval
104,2539,134,341.25,eval
104,2569,134,266.25,eval
104,2577,134,58.0,eval
104,2581,134,83.75,eval
104,2631,134,152.0,eval
104,2640,134,190.0,eval
104,2664,134,533.75,eval
104,2704,134,190.5,eval
104,2707,134,1390.5,eval
104,2760,134,94.25,eval
104,2826,134,540.25,eval
104,2867,134,139.0,eval
104,2956,134,68.0,eval
106,1062,134,293.75,eval
106,1109,134,371.5,eval
106,1207,134,250.25,eval
106,1216,134,54.75,eval
106,1230,134,178.5,eval
106,1247,134,37.5,eval
106,1248,134,37.0,eval
106,1445,134,203.25,eval
106,1525,134,175.25,eval
106,1543,134,64.5,eval
106,1558,134,118.25,eval
106,1571,134,60.75,eval
106,1727,134,185.5,eval
106,1754,134,472.5,eval
106,1770,134,24.25,eval
106,1778,134,128.25,eval
106,1878,134,230.0,eval
106,1885,134,550.25,eval
106,1902,134,13.75,eval
106,1962,134,206.25,eval
106,1971,134,1165.25,eval
106,1993,134,546.5,eval
106,2104,134,31.0,eval
106,2126,128,20.75,eval
106,2139,134,23.5,eval
106,2290,134,925.25,eval
106,2304,134,27.0,eval
106,2306,134,27.5,eval
106,2322,134,304.75,eval
106,2444,134,153.0,eval
106,2490,134,219.75,eval
106,2492,132,84.75,eval
106,2539,134,216.0,eval
106,2569,134,284.25,eval
106,2577,134,90.75,eval
106,2581,134,114.25,eval
106,2631,134,71.5,eval
106,2640,134,189.25,eval
106,2664,134,379.25,eval
106,2704,134,193.0,eval
106,2707,134,526.5,eval
106,2760,134,87.0,eval
106,2826,134,276.75,eval
106,2867,133,94.25,eval
106,2956,133,23.0,eval
108,1062,134,435.75,eval
108,1109,134,860.25,eval
108,1198,134,286.75,eval
108,1207,134,48.0,eval
108,1216,134,71.5,eval
108,1230,134,40.5,eval
108,1247,134,47.5,eval
108,1248,134,64.5,eval
108,1311,134,239.75,eval
108,1438,134,105.25,eval
108,1445,134,368.0,eval
108,1525,134,449.25,eval
108,1543,134,108.5,eval
108,1558,134,51.75,eval
108,1571,134,121.25,eval
108,1727,134,429.5,eval
108,1754,134,314.5,eval
108,1770,134,34.0,eval
108,1778,134,313.75,eval
108,1803,134,209.75,eval
108,1847,134,67.0,eval
108,1878,134,233.75,eval
108,1885,134,1458.0,eval
108,1902,134,44.0,eval
108,1962,134,206.25,eval
108,1971,134,1809.75,eval
108,1993,134,1056.5,eval
108,2126,134,81.75,eval
108,2139,134,31.25,eval
108,2290,134,1072.75,eval
108,2304,134,77.0,eval
108,2306,134,233.25,eval
108,2322,134,95.0,eval
108,2444,134,277.75,eval
108,2490,134,297.75,eval
108,2492,134,128.5,eval
108,2494,134,121.5,eval
108,2539,134,718.5,eval
108,2569,134,389.0,eval
108,2577,134,256.25,eval
108,2581,134,68.25,eval
108,2631,134,134.75,eval
108,2640,134,415.0,eval
108,2664,134,526.75,eval
108,2704,134,395.0,eval
108,2707,134,1293.5,eval
108,2760,134,141.75,eval
108,2826,134,546.75,eval
108,2867,134,206.25,eval
108,2956,134,104.75,eval
109,1062,134,432.25,eval
109,1109,134,519.75,eval
109,1198,134,196.0,eval
109,1207,134,78.25,eval
109,1216,134,61.0,eval
109,1230,134,88.25,eval
109,1247,134,24.25,eval
109,1248,134,107.75,eval
109,1311,134,422.25,eval
109,1438,134,38.0,eval
109,1445,134,452.75,eval
109,1525,134,226.25,eval
109,1543,134,94.75,eval
109,1558,134,115.0,eval
109,1727,134,300.25,eval
109,1754,134,272.75,eval
109,1770,134,21.0,eval
109,1778,134,459.5,eval
109,1803,134,549.75,eval
109,1847,134,17.5,eval
109,1878,134,131.75,eval
109,1885,134,1162.0,eval
109,1902,132,21.0,eval
109,1962,134,131.5,eval
109,1971,134,1249.25,eval
109,1993,134,685.25,eval
109,2126,134,48.0,eval
109,2139,134,30.75,eval
109,2290,134,638.0,eval
109,2304,134,77.5,eval
109,2306,134,175.5,eval
109,2322,134,165.0,eval
109,2444,134,378.0,eval
109,2490,134,272.75,eval
109,2492,134,44.0,eval
109,2494,116,24.75,eval
109,2539,134,290.5,eval
109,2569,134,199.5,eval
109,2577,134,88.5,eval
109,2581,134,101.0,eval
109,2631,134,105.5,eval
109,2640,134,236.25,eval
109,2664,134,253.75,eval
109,2704,134,152.0,eval
109,2707,134,1056.75,eval
109,2760,134,81.75,eval
109,2826,134,395.25,eval
109,2867,134,242.75,eval
110,1062,134,267.0,eval
110,1109,134,412.0,eval
110,1207,134,253.25,eval
110,1216,134,44.5,eval
110,1230,134,300.5,eval
110,1247,133,24.5,eval
110,1248,133,65.0,eval
110,1445,134,135.75,eval
110,1525,134,71.0,eval
110,1543,134,71.25,eval
110,1558,134,77.5,eval
110,1571,133,44.0,eval
110,1727,134,203.0,eval
110,1754,134,243.5,eval
110,1770,134,17.0,eval
110,1778,134,176.0,eval
110,1878,134,164.5,eval
110,1885,134,445.25,eval
110,1902,134,24.0,eval
110,1962,134,159.25,eval
110,1971,134,945.0,eval
110,1993,134,411.75,eval
110,2104,132,30.75,eval
110,2126,134,50.25,eval
110,2139,134,30.25,eval
110,2290,134,773.25,eval
110,2304,134,37.25,eval
110,2306,134,51.25,eval
110,2322,134,327.5,eval
110,2444,134,158.25,eval
110,2490,134,381.75,eval
110,2492,134,40.75,eval
110,2539,134,77.75,eval
110,2569,134,199.75,eval
110,2577,129,31.0,eval
110,2581,134,138.0,eval
110,2631,134,91.25,eval
110,2640,134,274.25,eval
110,2664,134,287.5,eval
110,2704,134,128.0,eval
110,2707,134,560.25,eval
110,2760,134,61.5,eval
110,2826,134,287.5,eval
110,2867,133,61.5,eval
110,2956,134,31.0,eval
113,1062,134,341.25,eval
113,1109,134,233.25,eval
113,1207,134,169.0,eval
113,1216,134,34.25,eval
113,1230,134,173.0,eval
113,1247,133,30.75,eval
113,1248,134,101.0,eval
113,1445,134,44.0,eval
113,1525,134,31.0,eval
113,1543,134,145.75,eval
113,1558,134,142.25,eval
113,1571,134,17.0,eval
113,1727,134,215.5,eval
113,1754,134,547.25,eval
113,1770,133,23.25,eval
113,1778,134,135.0,eval
113,1878,134,63.5,eval
113,1885,134,196.0,eval
113,1902,129,16.75,eval
113,1962,134,162.75,eval
113,1971,134,2403.5,eval
113,1993,134,148.75,eval
113,2104,134,20.75,eval
113,2126,134,30.5,eval
113,2139,134,40.75,eval
113,2290,134,819.75,eval
113,2304,134,64.25,eval
113,2306,134,44.25,eval
113,2322,134,281.0,eval
113,2444,134,64.25,eval
113,2490,134,570.25,eval
113,2492,134,53.75,eval
113,2539,134,64.25,eval
113,2569,134,502.5,eval
113,2577,119,24.25,eval
113,2581,134,151.25,eval
113,2631,134,132.0,eval
113,2640,134,67.5,eval
113,2664,134,240.0,eval
113,2704,134,44.0,eval
113,2707,134,331.25,eval
113,2760,134,23.75,eval
113,2826,134,206.0,eval
113,2867,132,13.75,eval
124,1062,134,267.0,eval
124,1109,134,442.5,eval
124,1198,134,101.5,eval
124,1207,134,94.5,eval
124,1216,132,34.0,eval
124,1230,134,196.0,eval
124,1247,134,17.0,eval
124,1248,134,54.5,eval
124,1311,134,58.25,eval
124,1438,134,30.0,eval
124,1445,134,118.0,eval
124,1525,134,81.25,eval
124,1543,134,47.25,eval
124,1558,134,111.25,eval
124,1571,134,37.75,eval
124,1727,134,419.0,eval
124,1754,134,281.0,eval
124,1770,134,16.5,eval
124,1778,134,304.25,eval
124,1803,134,67.75,eval
124,1847,134,61.5,eval
124,1878,133,47.75,eval
124,1885,134,816.75,eval
124,1902,132,24.0,eval
124,1962,134,264.25,eval
124,1971,134,3837.0,eval
124,1993,134,657.75,eval
124,2126,134,23.5,eval
124,2139,133,33.75,eval
124,2290,134,455.75,eval
124,2304,134,27.25,eval
124,2306,134,23.25,eval
124,2322,134,175.25,eval
124,2444,132,121.25,eval
124,2490,134,790.0,eval
124,2492,133,24.0,eval
124,2494,134,30.25,eval
124,2539,134,151.75,eval
124,2569,134,415.5,eval
124,2577,132,23.5,eval
124,2581,133,212.25,eval
124,2631,134,88.25,eval
124,2640,134,47.75,eval
124,2664,134,719.0,eval
124,2704,134,47.75,eval
124,2707,134,409.0,eval
124,2760,133,47.0,eval
124,2826,134,226.25,eval
124,2867,134,90.25,eval
124,2956,134,27.75,eval
126,1062,134,425.0,eval
126,1109,134,516.75,eval
126,1198,134,424.75,eval
126,1207,134,61.0,eval
126,1216,134,47.25,eval
126,1230,134,60.5,eval
126,1247,134,30.75,eval
126,1248,134,135.0,eval
126,1311,134,506.75,eval
126,1438,115,37.25,eval
126,1445,133,274.0,eval
126,1525,134,165.25,eval
126,1543,134,84.75,eval
126,1558,134,57.5,eval
126,1571,134,71.25,eval
126,1727,134,280.25,eval
126,1754,134,276.0,eval
126,1770,132,16.5,eval
126,1778,134,444.75,eval
126,1803,134,304.25,eval
126,1847,116,51.5,eval
126,1878,134,168.5,eval
126,1885,134,790.5,eval
126,1902,134,20.5,eval
126,1962,134,122.25,eval
126,1971,134,2113.25,eval
126,1993,134,637.75,eval
126,2126,134,41.5,eval
126,2139,132,41.0,eval
126,2290,134,641.25,eval
126,2304,134,40.5,eval
126,2306,134,141.5,eval
126,2322,134,169.25,eval
126,2444,132,223.25,eval
126,2490,134,661.25,eval
126,2492,134,44.0,eval
126,2494,115,37.0,eval
126,2539,134,344.75,eval
126,2569,134,230.0,eval
126,2577,134,82.0,eval
126,2581,134,54.25,eval
126,2631,134,91.25,eval
126,2640,134,279.75,eval
126,2664,134,337.5,eval
126,2704,134,175.25,eval
126,2707,134,867.5,eval
126,2760,134,88.25,eval
126,2826,134,384.5,eval
126,2867,134,233.0,eval
126,2956,134,48.25,eval
129,1062,134,155.0,eval
129,1109,134,311.75,eval
129,1207,134,132.25,eval
129,1216,134,33.75,eval
129,1230,134,137.75,eval
129,1247,134,34.25,eval
129,1248,134,34.0,eval
129,1445,134,141.75,eval
129,1525,134,94.5,eval
129,1543,134,81.75,eval
129,1558,134,67.75,eval
129,1571,134,64.5,eval
129,1727,134,132.75,eval
129,1754,134,216.75,eval
129,1770,134,14.5,eval
129,1778,134,138.5,eval
129,1878,134,219.25,eval
129,1885,134,859.75,eval
129,1902,134,33.75,eval
129,1962,134,111.75,eval
129,1971,134,1127.5,eval
129,1993,134,527.25,eval
129,2104,133,48.0,eval
129,2126,134,37.5,eval
129,2139,134,34.5,eval
129,2290,134,584.5,eval
129,2304,134,44.0,eval
129,2306,134,50.5,eval
129,2322,134,77.5,eval
129,2444,134,105.5,eval
129,2490,134,209.25,eval
129,2492,134,27.5,eval
129,2539,134,165.75,eval
129,2569,134,216.75,eval
129,2577,134,65.25,eval
129,2581,134,84.0,eval
129,2631,134,64.25,eval
129,2640,134,246.75,eval
129,2664,134,260.5,eval
129,2704,134,145.5,eval
129,2707,134,445.75,eval
129,2760,134,71.0,eval
129,2826,134,327.25,eval
129,2867,132,115.75,eval
129,2956,134,21.25,eval
132,1062,134,510.0,eval
132,1109,134,586.75,eval
132,1198,134,165.5,eval
132,1207,134,98.25,eval
132,1216,134,75.0,eval
132,1230,134,88.5,eval
132,1247,134,51.5,eval
132,1248,134,71.0,eval
132,1311,134,233.5,eval
132,1438,134,88.25,eval
132,1445,134,361.75,eval
132,1525,134,351.5,eval
132,1543,134,71.25,eval
132,1558,134,67.75,eval
132,1571,134,71.0,eval
132,1727,134,330.75,eval
132,1754,134,391.25,eval
132,1770,134,26.5,eval
132,1778,134,442.5,eval
132,1803,134,212.5,eval
132,1847,134,128.5,eval
132,1878,134,192.5,eval
132,1885,134,1198.25,eval
132,1902,134,40.0,eval
132,1962,134,222.75,eval
132,1971,134,1094.5,eval
132,1993,134,803.5,eval
132,2126,134,61.0,eval
132,2139,134,26.25,eval
132,2290,134,715.5,eval
132,2304,134,61.25,eval
132,2306,134,142.5,eval
132,2322,134,117.75,eval
132,2444,134,250.25,eval
132,2490,134,425.75,eval
132,2492,134,64.75,eval
132,2494,134,81.0,eval
132,2539,134,261.0,eval
132,2569,134,192.75,eval
132,2577,134,91.25,eval
132,2581,134,91.0,eval
132,2631,134,91.5,eval
132,2640,134,273.25,eval
132,2664,134,412.5,eval
132,2704,134,344.25,eval
132,2707,134,1343.75,eval
132,2760,134,121.5,eval
132,2826,134,671.25,eval
132,2867,134,142.75,eval
132,2956,134,57.75,eval
137,1062,134,678.5,eval
137,1109,134,1262.25,eval
137,1198,134,371.75,eval
137,1207,134,61.0,eval
137,1216,134,148.75,eval
137,1230,134,64.75,eval
137,1247,134,31.25,eval
137,1248,134,195.25,eval
137,1311,134,492.25,eval
137,1438,134,94.25,eval
137,1445,134,439.5,eval
137,1525,134,634.25,eval
137,1543,134,182.75,eval
137,1558,134,34.25,eval
137,1571,134,102.25,eval
137,1727,134,587.25,eval
137,1754,134,486.5,eval
137,1770,134,20.0,eval
137,1778,134,530.25,eval
137,1803,134,432.5,eval
137,1847,119,64.25,eval
137,1878,134,210.25,eval
137,1885,134,1880.25,eval
137,1902,134,47.25,eval
137,1962,134,203.75,eval
137,1971,134,1988.75,eval
137,1993,134,1407.5,eval
137,2126,134,108.75,eval
137,2139,134,54.75,eval
137,2290,134,1370.0,eval
137,2304,134,131.5,eval
137,2306,134,378.0,eval
137,2322,134,192.25,eval
137,2444,134,331.0,eval
137,2490,134,533.5,eval
137,2492,134,91.75,eval
137,2494,134,115.25,eval
137,2539,134,891.0,eval
137,2569,134,435.5,eval
137,2577,134,223.5,eval
137,2581,134,107.75,eval
137,2631,134,219.25,eval
137,2640,134,459.25,eval
137,2664,134,550.0,eval
137,2704,134,550.75,eval
137,2707,134,1756.0,eval
137,2760,134,162.75,eval
137,2826,134,583.25,eval
137,2867,134,253.5,eval
137,2956,134,149.0,eval
139,1062,134,172.75,eval
139,1109,134,135.25,eval
139,1207,134,121.75,eval
139,1216,134,27.5,eval
139,1230,134,213.0,eval
139,1247,132,20.75,eval
139,1248,134,24.75,eval
139,1445,134,30.75,eval
139,1525,115,13.75,eval
139,1543,134,67.5,eval
139,1558,134,87.5,eval
139,1727,134,212.75,eval
139,1754,134,311.0,eval
139,1770,129,17.25,eval
139,1778,134,95.0,eval
139,1878,134,61.25,eval
139,1885,134,185.75,eval
139,1902,128,13.5,eval
139,1962,134,101.75,eval
139,1971,134,1002.25,eval
139,1993,134,153.0,eval
139,2126,134,27.5,eval
139,2139,134,20.75,eval
139,2290,134,415.25,eval
139,2304,134,37.75,eval
139,2306,134,27.0,eval
139,2322,134,155.25,eval
139,2444,133,54.25,eval
139,2490,134,311.0,eval
139,2492,134,33.25,eval
139,2539,134,24.25,eval
139,2569,134,357.75,eval
139,2581,134,88.0,eval
139,2631,134,54.5,eval
139,2640,134,61.25,eval
139,2664,134,352.0,eval
139,2704,134,24.5,eval
139,2707,134,172.5,eval
139,2760,133,30.25,eval
139,2826,134,131.25,eval
143,1062,134,138.25,eval
143,1109,134,348.25,eval
143,1207,134,71.25,eval
143,1216,134,71.0,eval
143,1230,134,64.75,eval
143,1247,134,84.5,eval
143,1248,134,85.0,eval
143,1445,134,176.25,eval
143,1525,134,135.25,eval
143,1543,134,58.0,eval
143,1558,134,80.25,eval
143,1571,134,98.75,eval
143,1727,134,178.75,eval
143,1754,134,355.0,eval
143,1770,133,17.75,eval
143,1778,134,104.75,eval
143,1878,134,219.25,eval
143,1885,134,361.0,eval
143,1902,133,24.0,eval
143,1962,134,115.5,eval
143,1971,134,651.5,eval
143,1993,134,286.75,eval
143,2104,134,51.0,eval
143,2126,134,36.5,eval
143,2139,134,64.75,eval
143,2290,134,796.75,eval
143,2304,134,51.0,eval
143,2306,134,71.5,eval
143,2322,134,44.0,eval
143,2444,134,94.25,eval
143,2490,134,165.5,eval
143,2492,134,37.5,eval
143,2539,134,98.0,eval
143,2569,134,223.0,eval
143,2577,134,151.75,eval
143,2581,134,53.75,eval
143,2631,134,88.25,eval
143,2640,134,388.75,eval
143,2664,134,279.75,eval
143,2704,134,108.25,eval
143,2707,134,260.25,eval
143,2760,134,115.0,eval
143,2826,134,385.0,eval
143,2867,134,84.5,eval
143,2956,134,64.5,eval
145,1062,134,412.25,eval
145,1109,134,301.0,eval
145,1207,134,333.5,eval
145,1216,134,40.25,eval
145,1230,134,253.5,eval
145,1247,132,34.0,eval
145,1248,134,44.25,eval
145,1445,134,206.0,eval
145,1525,134,124.5,eval
145,1543,134,88.75,eval
145,1558,134,84.5,eval
145,1727,134,294.5,eval
145,1754,134,274.5,eval
145,1770,134,20.5,eval
145,1778,134,186.0,eval
145,1878,134,156.0,eval
145,1885,134,445.5,eval
145,1902,134,31.0,eval
145,1962,134,185.75,eval
145,1971,134,1236.0,eval
145,1993,134,287.25,eval
145,2126,134,41.5,eval
145,2139,134,34.5,eval
145,2290,134,806.75,eval
145,2304,134,28.0,eval
145,2306,134,98.0,eval
145,2322,134,291.25,eval
145,2444,134,229.5,eval
145,2490,134,298.0,eval
145,2492,134,40.0,eval
145,2539,134,186.5,eval
145,2569,134,554.0,eval
145,2577,134,43.75,eval
145,2581,134,146.0,eval
145,2631,134,88.5,eval
145,2640,134,213.5,eval
145,2664,134,287.5,eval
145,2704,134,243.25,eval
145,2707,134,757.0,eval
145,2760,134,74.75,eval
145,2826,134,317.0,eval
145,2867,134,136.0,eval
146,1062,134,331.0,eval
146,1109,134,759.75,eval
146,1207,134,84.75,eval
146,1216,134,145.25,eval
146,1230,134,57.75,eval
146,1247,134,75.5,eval
146,1248,134,95.0,eval
146,1445,134,145.25,eval
146,1525,134,264.0,eval
146,1543,134,173.0,eval
146,1558,134,88.0,eval
146,1571,134,131.75,eval
146,1727,134,364.75,eval
146,1754,134,489.25,eval
146,1770,134,54.0,eval
146,1778,134,155.75,eval
146,1878,134,408.25,eval
146,1885,134,331.5,eval
146,1902,134,95.0,eval
146,1962,134,144.25,eval
146,1971,134,749.0,eval
146,1993,134,338.25,eval
146,2104,134,132.0,eval
146,2126,134,52.0,eval
146,2139,134,77.5,eval
146,2290,134,1232.5,eval
146,2304,134,185.75,eval
146,2306,134,98.5,eval
146,2322,134,47.25,eval
146,2444,134,125.5,eval
146,2490,134,213.0,eval
146,2492,134,105.25,eval
146,2539,134,250.0,eval
146,2569,134,358.5,eval
146,2577,134,145.25,eval
146,2581,134,105.25,eval
146,2631,134,84.5,eval
146,2640,134,415.75,eval
146,2664,134,543.75,eval
146,2704,134,287.0,eval
146,2707,134,641.5,eval
146,2760,134,209.75,eval
146,2826,134,358.0,eval
146,2867,134,74.5,eval
149,1062,134,171.75,eval
149,1109,134,344.5,eval
149,1207,134,125.5,eval
149,1216,134,27.0,eval
149,1230,134,132.25,eval
149,1247,130,18.25,eval
149,1248,134,43.75,eval
149,1445,134,71.75,eval
149,1525,134,29.75,eval
149,1543,134,44.5,eval
149,1558,134,84.5,eval
149,1727,134,125.0,eval
149,1754,134,136.5,eval
149,1770,132,13.75,eval
149,1778,134,82.0,eval
149,1878,134,91.5,eval
149,1885,134,236.25,eval
149,1902,131,13.0,eval
149,1962,134,68.0,eval
149,1971,134,759.25,eval
149,1993,134,170.0,eval
149,2126,134,31.0,eval
149,2139,134,30.75,eval
149,2290,134,384.75,eval
149,2304,134,38.0,eval
149,2306,134,29.75,eval
149,2322,134,58.0,eval
149,2444,134,71.25,eval
149,2490,134,85.25,eval
149,2492,133,27.5,eval
149,2539,134,81.0,eval
149,2569,134,169.25,eval
149,2581,134,81.25,eval
149,2631,134,88.25,eval
149,2640,134,31.0,eval
149,2664,134,169.0,eval
149,2704,134,64.25,eval
149,2707,134,283.75,eval
149,2760,134,44.0,eval
149,2826,134,145.0,eval
149,2867,134,47.5,eval
152,1062,134,162.75,eval
152,1109,134,591.25,eval
152,1207,134,107.75,eval
152,1216,134,51.25,eval
152,1230,134,67.75,eval
152,1247,132,37.5,eval
152,1248,134,54.25,eval
152,1445,134,98.25,eval
152,1525,134,118.25,eval
152,1543,134,94.25,eval
152,1558,134,125.25,eval
152,1571,133,88.0,eval
152,1727,134,220.25,eval
152,1754,134,398.0,eval
152,1770,134,44.5,eval
152,1778,134,80.25,eval
152,1878,134,200.0,eval
152,1885,134,253.5,eval
152,1902,134,37.5,eval
152,1962,134,148.5,eval
152,1971,134,867.25,eval
152,1993,134,263.75,eval
152,2104,133,71.5,eval
152,2126,134,54.5,eval
152,2139,134,27.25,eval
152,2290,134,794.0,eval
152,2304,134,78.25,eval
152,2306,134,74.0,eval
152,2322,134,61.5,eval
152,2444,132,94.25,eval
152,2490,134,220.0,eval
152,2492,134,57.75,eval
152,2539,134,67.75,eval
152,2569,134,341.5,eval
152,2577,134,78.25,eval
152,2581,134,104.75,eval
152,2631,134,104.5,eval
152,2640,134,266.75,eval
152,2664,134,472.25,eval
152,2704,134,260.5,eval
152,2707,134,203.0,eval
152,2760,134,61.5,eval
152,2826,134,267.25,eval
152,2867,134,117.75,eval
153,1062,134,409.0,eval
153,1109,134,678.5,eval
153,1198,134,131.25,eval
153,1207,134,71.25,eval
153,1216,134,41.0,eval
153,1230,134,80.5,eval
153,1247,130,24.5,eval
153,1248,134,145.25,eval
153,1311,134,152.25,eval
153,1438,134,88.25,eval
153,1445,133,111.75,eval
153,1525,134,209.75,eval
153,1543,134,84.75,eval
153,1558,134,60.75,eval
153,1571,134,74.75,eval
153,1727,134,387.75,eval
153,1754,134,395.25,eval
153,1770,134,24.25,eval
153,1778,134,270.25,eval
153,1803,134,173.0,eval
153,1847,134,70.5,eval
153,1878,134,186.0,eval
153,1885,134,790.25,eval
153,1902,134,33.75,eval
153,1962,134,132.25,eval
153,1971,134,2089.25,eval
153,1993,134,401.25,eval
153,2126,134,67.25,eval
153,2139,134,55.0,eval
153,2290,134,681.75,eval
153,2304,134,70.5,eval
153,2306,134,60.75,eval
153,2322,134,104.5,eval
153,2444,134,210.0,eval
153,2490,134,536.75,eval
153,2492,134,68.25,eval
153,2494,134,61.25,eval
153,2539,134,176.0,eval
153,2569,134,320.5,eval
153,2577,134,91.5,eval
153,2581,134,71.75,eval
153,2631,134,152.0,eval
153,2640,134,118.75,eval
153,2664,134,459.0,eval
153,2704,134,104.75,eval
153,2707,134,804.0,eval
153,2760,134,37.0,eval
153,2826,134,313.75,eval
153,2867,133,104.5,eval
153,2956,134,54.25,eval
157,1062,134,364.25,eval
157,1109,134,358.0,eval
157,1207,134,152.5,eval
157,1216,134,46.75,eval
157,1230,134,175.25,eval
157,1247,132,27.5,eval
157,1248,134,91.0,eval
157,1445,134,118.25,eval
157,1525,134,41.0,eval
157,1543,134,87.75,eval
157,1558,134,95.0,eval
157,1571,134,81.0,eval
157,1727,134,208.75,eval
157,1754,134,414.75,eval
157,1770,134,17.25,eval
157,1778,134,84.0,eval
157,1878,134,148.75,eval
157,1885,134,1552.5,eval
157,1902,134,14.25,eval
157,1962,134,195.75,eval
157,1971,134,1350.5,eval
157,1993,134,240.0,eval
157,2104,134,44.25,eval
157,2126,133,40.25,eval
157,2139,134,51.0,eval
157,2290,134,510.0,eval
157,2304,134,40.75,eval
157,2306,134,124.75,eval
157,2322,134,161.5,eval
157,2444,134,112.5,eval
157,2490,134,320.0,eval
157,2492,134,34.0,eval
157,2539,134,80.25,eval
157,2569,134,158.5,eval
157,2581,134,81.75,eval
157,2631,134,72.0,eval
157,2640,134,209.0,eval
157,2664,134,324.75,eval
157,2704,134,77.75,eval
157,2707,134,260.0,eval
157,2760,134,53.5,eval
157,2826,134,203.0,eval
157,2867,133,101.5,eval
157,2956,134,67.75,eval
161,1062,134,98.25,eval
161,1109,134,260.5,eval
161,1207,134,50.5,eval
161,1216,134,37.25,eval
161,1230,134,44.5,eval
161,1247,133,17.25,eval
161,1248,134,51.0,eval
161,1445,134,145.75,eval
161,1525,134,135.0,eval
161,1543,134,47.75,eval
161,1558,134,60.5,eval
161,1571,134,57.75,eval
161,1727,134,132.0,eval
161,1754,134,246.0,eval
161,1770,134,14.0,eval
161,1778,134,47.75,eval
161,1878,134,162.25,eval
161,1885,134,347.0,eval
161,1902,134,30.75,eval
161,1962,134,131.5,eval
161,1971,134,618.0,eval
161,1993,134,277.25,eval
161,2104,133,37.25,eval
161,2126,134,30.5,eval
161,2139,133,27.75,eval
161,2290,134,611.0,eval
161,2304,134,30.25,eval
161,2306,134,30.25,eval
161,2322,134,58.25,eval
161,2444,133,58.25,eval
161,2490,134,101.5,eval
161,2492,134,23.75,eval
161,2539,134,192.25,eval
161,2569,134,114.75,eval
161,2577,134,101.75,eval
161,2581,134,64.25,eval
161,2631,134,30.5,eval
161,2640,134,223.0,eval
161,2664,134,202.25,eval
161,2704,134,237.0,eval
161,2707,134,165.0,eval
161,2760,134,88.25,eval
161,2826,134,259.5,eval
161,2867,134,94.5,eval
162,1062,134,85.0,eval
162,1109,134,37.0,eval
162,1207,134,122.0,eval
162,1216,134,27.75,eval
162,1230,134,233.0,eval
162,1247,132,14.5,eval
162,1445,132,44.0,eval
162,1525,108,13.75,eval
162,1543,134,95.0,eval
162,1558,134,122.0,eval
162,1727,134,173.0,eval
162,1754,134,304.0,eval
162,1770,133,13.0,eval
162,1778,134,23.75,eval
162,1878,134,17.75,eval
162,1885,134,26.75,eval
162,1902,130,14.5,eval
162,1962,134,125.25,eval
162,1971,134,989.25,eval
162,1993,134,37.5,eval
162,2126,133,13.75,eval
162,2139,134,40.5,eval
162,2290,134,324.5,eval
162,2304,134,33.25,eval
162,2306,133,27.5,eval
162,2322,134,128.75,eval
162,2444,134,78.0,eval
162,2490,134,250.0,eval
162,2492,89,78.5,eval
162,2539,134,34.0,eval
162,2569,134,503.75,eval
162,2581,134,71.25,eval
162,2640,133,27.75,eval
162,2664,134,577.25,eval
162,2704,133,24.5,eval
162,2707,134,98.0,eval
162,2760,134,34.25,eval
162,2826,134,50.75,eval
162,2867,132,34.25,eval
174,1062,134,661.75,eval
174,1109,134,959.0,eval
174,1198,134,495.25,eval
174,1207,134,88.25,eval
174,1216,134,89.25,eval
174,1230,134,94.0,eval
174,1247,134,71.5,eval
174,1248,134,138.5,eval
174,1311,134,321.0,eval
174,1438,134,107.5,eval
174,1445,134,415.75,eval
174,1525,134,429.0,eval
174,1543,134,135.5,eval
174,1558,134,94.5,eval
174,1571,134,121.75,eval
174,1727,134,523.75,eval
174,1754,134,483.0,eval
174,1770,134,48.25,eval
174,1778,134,597.0,eval
174,1803,134,421.75,eval
174,1847,134,91.5,eval
174,1878,134,199.25,eval
174,1885,134,1900.25,eval
174,1902,134,54.5,eval
174,1962,134,283.0,eval
174,1971,134,1937.0,eval
174,1993,134,1495.75,eval
174,2126,134,118.5,eval
174,2139,134,64.0,eval
174,2290,134,1009.25,eval
174,2304,134,60.75,eval
174,2306,134,209.25,eval
174,2322,134,152.0,eval
174,2444,133,334.25,eval
174,2490,134,486.5,eval
174,2492,134,84.75,eval
174,2494,134,172.25,eval
174,2539,134,580.5,eval
174,2569,134,354.75,eval
174,2577,134,172.75,eval
174,2581,134,118.75,eval
174,2631,134,119.25,eval
174,2640,134,142.0,eval
174,2664,134,469.75,eval
174,2704,134,372.5,eval
174,2707,134,2015.0,eval
174,2760,134,84.25,eval
174,2826,134,870.5,eval
174,2867,134,290.5,eval
174,2956,134,77.25,eval
177,1062,134,371.5,eval
177,1109,134,182.5,eval
177,1207,134,324.5,eval
177,1216,134,27.0,eval
177,1230,134,314.0,eval
177,1247,133,18.0,eval
177,1248,134,77.0,eval
177,1445,134,118.25,eval
177,1525,133,41.25,eval
177,1543,134,68.5,eval
177,1558,134,91.5,eval
177,1571,133,27.25,eval
177,1727,134,158.5,eval
177,1754,134,206.25,eval
177,1770,133,21.5,eval
177,1778,134,84.0,eval
177,1878,134,70.75,eval
177,1885,134,277.5,eval
177,1902,134,17.25,eval
177,1962,134,54.5,eval
177,1971,134,958.75,eval
177,1993,134,338.25,eval
177,2126,134,30.25,eval
177,2139,134,23.75,eval
177,2290,134,496.25,eval
177,2304,134,27.25,eval
177,2306,134,88.25,eval
177,2322,134,283.0,eval
177,2444,134,119.0,eval
177,2490,134,203.0,eval
177,2492,133,29.75,eval
177,2539,134,67.75,eval
177,2569,134,441.5,eval
177,2577,65,34.0,eval
177,2581,134,95.25,eval
177,2631,134,91.5,eval
177,2640,134,112.0,eval
177,2664,134,381.25,eval
177,2704,134,90.75,eval
177,2707,134,348.25,eval
177,2760,134,71.0,eval
177,2826,134,243.5,eval
177,2867,134,67.75,eval
186,1062,134,152.0,eval
186,1109,134,267.25,eval
186,1207,134,176.0,eval
186,1216,134,51.5,eval
186,1230,134,145.0,eval
186,1247,130,20.5,eval
186,1248,134,94.75,eval
186,1445,133,90.75,eval
186,1525,134,27.75,eval
186,1543,134,60.5,eval
186,1558,134,165.5,eval
186,1571,134,40.75,eval
186,1727,134,124.75,eval
186,1754,134,382.25,eval
186,1770,134,20.25,eval
186,1778,134,60.5,eval
186,1878,134,128.0,eval
186,1885,134,347.25,eval
186,1902,132,16.75,eval
186,1962,134,91.5,eval
186,1971,134,891.0,eval
186,1993,134,148.75,eval
186,2104,133,17.25,eval
186,2126,134,20.5,eval
186,2139,134,34.0,eval
186,2290,134,502.25,eval
186,2304,134,65.0,eval
186,2306,131,27.0,eval
186,2322,134,166.0,eval
186,2444,134,78.0,eval
186,2490,134,121.5,eval
186,2492,133,48.0,eval
186,2539,134,58.0,eval
186,2569,134,185.25,eval
186,2577,48,54.75,eval
186,2581,134,77.5,eval
186,2631,134,74.75,eval
186,2640,134,135.25,eval
186,2664,134,226.75,eval
186,2704,133,84.5,eval
186,2707,134,253.0,eval
186,2760,134,27.75,eval
186,2826,134,250.0,eval
186,2867,131,47.0,eval
186,2956,125,51.0,eval
