center_id,meal_id,alpha
10,1062,0.36997416609211814
10,1109,0.04695422583511258
10,1198,0.18207395277612423
10,1207,0.8827347974934436
10,1216,0.023600430044523675
10,1230,0.6558650104234179
10,1247,0.1451771408480146
10,1248,0.6777579733174061
10,1311,0.3637757498199612
10,1438,0.32793784129702236
10,1445,0.024081732207043675
10,1525,0.13876410041537343
10,1543,0.13990507480838435
10,1558,0.07236412359086646
10,1571,0.22981057414217873
10,1727,0.0016953631611816167
10,1754,0.11777611405855846
10,1770,0.019372473483194087
10,1778,0.44832094311625736
10,1803,0.24528507982355474
10,1847,0.22589990605058155
10,1878,0.2067984470535067
10,1885,0.3215847020406171
10,1902,0.039020554733092586
10,1962,0.022256702108956947
10,1971,0.30035181860272614
10,1993,0.4803485533926856
10,2126,0.16080338510930064
10,2139,0.290753670853673
10,2290,0.14900988200170712
10,2304,0.4497257069551582
10,2306,0.630127793498402
10,2322,0.9542688141263896
10,2444,0.09758066386715984
10,2490,0.5415045587710816
10,2492,0.4332968901998809
10,2494,0.08669345530354049
10,2539,0.3638804290664807
10,2569,0.07670661492982657
10,2577,0.16839484737485824
10,2581,0.023516499846371757
10,2631,0.5930172025756959
10,2640,0.19774468262206069
10,2664,0.06645360770381539
10,2704,0.8996694398362541
10,2707,0.14141516927667802
10,2760,0.7307160929820198
10,2826,0.10092372220225818
10,2867,0.058679486950568585
10,2956,0.28342782698014063
11,1062,0.4201014088240932
11,1109,0.00807505227273406
11,1198,0.3131036411532251
11,1207,0.8369741403765579
11,1216,0.2519780094202698
11,1230,0.6895012465477263
11,1247,0.08134055867329013
11,1248,0.3814753550093406
11,1311,0.24264948544007914
11,1438,0.13410633940293448
11,1445,0.0692700780220411
11,1525,0.9893959933501176
11,1543,0.4389945260413366
11,1558,0.17935602101735962
11,1571,0.36249190348617805
11,1727,0.05061506108852649
11,1754,0.315700738161358
11,1770,0.00010596026490045049
11,1778,0.5383323147696463
11,1803,0.21722628532016924
11,1847,0.07399392109249027
11,1878,0.541327302875251
11,1885,0.5111885437141995
11,1902,0.270673345841193
11,1962,0.09944145167630439
11,1971,0.6027719057376412
11,1993,0.5470405687119055
11,2126,0.20399819578210307
11,2139,0.12581487972726185
11,2290,0.12313485324907429
11,2304,0.3729917656996411
11,2306,0.5003793623823899
11,2322,0.7483600033165607
11,2444,0.027962525801642227
11,2490,0.7164913324973994
11,2492,0.576053237042363
11,2494,0.1177123420768027
11,2539,0.4528368198172183
11,2569,0.10982800768532698
11,2577,0.39767797610434025
11,2581,0.18870525096763102
11,2631,0.5743217186770126
11,2640,0.2075900825724545
11,2664,0.10442042614921669
11,2704,0.9780157273450852
11,2707,0.13997602259887176
11,2760,0.8249433730109356
11,2826,0.07710647255760583
11,2867,0.05105779121670406
11,2956,0.11570340401479069
13,1062,0.32477210322992595
13,1109,0.022940972751659457
13,1198,0.1410681171530837
13,1207,0.6434470130127445
13,1216,0.45919971306105484
13,1230,0.5543462243450407
13,1247,0.07470555984867605
13,1248,0.2018413781226812
13,1311,0.32685224428441184
13,1438,0.5628019617904312
13,1445,0.04943068640696971
13,1525,0.637045912887345
13,1543,0.530426884808345
13,1558,0.15781383808684535
13,1571,0.43278084704798603
13,1727,0.008304558776036053
13,1754,0.1422824925182884
13,1770,0.07681760954642465
13,1778,0.047242677366734494
13,1803,0.38038778817336627
13,1847,0.44229250748238036
13,1878,0.21879539479627472
13,1885,0.4437456962695498
13,1902,0.0487163461373379
13,1962,0.10071136813876033
13,1971,0.10983430240705482
13,1993,0.456205687615484
13,2126,0.007818484094070545
13,2139,0.16347690246330268
13,2290,0.13160377896387795
13,2304,0.14090782675902858
13,2306,0.6739395553008372
13,2322,0.6025862423762687
13,2444,0.07879274416207499
13,2490,0.5721638622609756
13,2492,0.5489099403406195
13,2494,0.24904394465875432
13,2539,0.2568927750127414
13,2569,0.07948272597335451
13,2577,0.2896424138487421
13,2581,0.028662283206729394
13,2631,0.31209721469522855
13,2640,0.38130413254783563
13,2664,0.041083419201714745
13,2704,0.5267141676405024
13,2707,0.08697333336641418
13,2760,0.9685190984432114
13,2826,0.0421464572456813
13,2867,0.0927067899102582
13,2956,0.23410234712994085
14,1062,0.07732429069947135
14,1109,0.02910242511032988
14,1198,0.18765237839796575
14,1207,0.7744985339534987
14,1216,0.11158533661114556
14,1230,0.6993825877730413
14,1247,0.08216576328528474
14,1248,0.15993382331375763
14,1311,0.20819535091243035
14,1438,0.2533716897960158
14,1445,0.00010596026490045049
14,1525,0.09734798555467714
14,1543,0.00010596026490045049
14,1558,0.0354638060076859
14,1571,0.10088647340710366
14,1727,0.0243602683321769
14,1754,0.22301571780050472
14,1770,0.39647110249458895
14,1778,0.3935589613355593
14,1803,0.12109925571399525
14,1847,0.13073544704576107
14,1878,0.15360274033786253
14,1885,0.3020493787975664
14,1902,0.1537876636270493
14,1962,0.09288141379052964
14,1971,0.2607083239035833
14,1993,0.2696048278380863
14,2126,0.0495225901563
14,2139,0.14625695086331442
14,2290,0.12488147889769317
14,2304,0.1602535770843612
14,2306,0.5828650240334616
14,2322,0.9999946924866709
14,2444,0.041043254342008915
14,2490,0.2755224377944658
14,2492,0.21154270174688414
14,2494,0.2090982212567589
14,2539,0.14028351633251324
14,2569,0.5975749191508054
14,2577,0.1508839645380897
14,2581,0.5596425611284156
14,2631,0.3562564521813833
14,2640,0.945321124065569
14,2664,0.08767352977880173
14,2704,0.12288289997960496
14,2707,0.00010596026490045049
14,2760,0.3092360016171472
14,2826,0.10974252046448467
14,2867,0.13926964794605157
17,1062,0.16302583160909076
17,1109,0.15395723724506233
17,1198,0.23641816944696248
17,1207,0.6113032369977294
17,1216,0.04109498136661097
17,1230,0.6150624473031321
17,1247,0.028740084646013072
17,1248,0.38372117042246906
17,1311,0.4218167476570086
17,1438,0.2699910442928912
17,1445,0.06623794679875669
17,1525,0.13130408453655007
17,1543,0.09210912655302675
17,1558,0.004861822065669792
17,1571,0.12647580793736155
17,1727,0.16982477939523674
17,1754,0.08168614649431179
17,1770,0.07241947376169681
17,1778,0.4511291771071237
17,1803,0.2910849534527318
17,1847,0.20733517493955297
17,1878,0.4157482570745382
17,1885,0.2705595421217716
17,1902,0.1210052424723071
17,1962,0.4756802234427062
17,1971,0.06524332742950241
17,1993,0.5279507709644067
17,2126,0.10147143531218912
17,2139,0.09904753087263587
17,2290,0.08313564968561844
17,2304,0.20538918800168832
17,2306,0.1599719554619615
17,2322,0.794438074300793
17,2444,0.1067313631969804
17,2490,0.44397985297127585
17,2492,0.1732396804348713
17,2494,0.2251032849087349
17,2539,0.2865163986947025
17,2569,0.15074372968359206
17,2577,0.00010596026490045049
17,2581,0.0924249451518655
17,2631,0.6165729833019422
17,2640,0.6446768783992164
17,2664,0.20428536425518518
17,2704,0.12804992387601444
17,2707,0.09586496686777056
17,2760,0.9504566382974862
17,2826,0.09701896584995949
17,2867,0.13040455850265995
20,1062,0.15631093645096186
20,1109,0.061461268184031
20,1198,0.15973665308153454
20,1207,0.4790589919055255
20,1216,0.12697843145018695
20,1230,0.5959228213364628
20,1247,0.2647003487182743
20,1248,0.20232781037799902
20,1311,0.30527588513662707
20,1438,0.169845921886309
20,1445,0.04166111202792782
20,1525,0.1824679251709218
20,1543,0.12746324835604136
20,1558,0.46081611315971366
20,1571,0.00010471607791603843
20,1727,0.08171942118143273
20,1754,0.07759713162424266
20,1770,0.04081645842776644
20,1778,0.11004264342375508
20,1803,0.15460995595425636
20,1847,0.007763789209998052
20,1878,0.5463505335777153
20,1885,0.35964871558121214
20,1902,0.2105366901572282
20,1962,0.07352174438160534
20,1971,0.06698247676420836
20,1993,0.3374491479041611
20,2126,0.13794727170019808
20,2139,0.1475320403575399
20,2290,0.15944200774719625
20,2304,0.1620502944465705
20,2306,0.0004330179933761898
20,2322,0.8541394276762959
20,2444,0.0861533642677861
20,2490,0.5475582261047854
20,2492,0.00010359398273459017
20,2494,0.15799093167276784
20,2539,0.3352064078572219
20,2569,0.5809831429426904
20,2577,0.2696155119372219
20,2581,0.041405963113125076
20,2631,0.1067388241790263
20,2640,0.40417588474865357
20,2664,0.0017894732259598003
20,2704,0.1602826031662979
20,2707,0.08845142910117174
20,2760,0.9999961287005549
20,2826,0.10395083250704186
20,2867,0.10350675389771333
20,2956,0.11315433288714138
23,1062,0.2599506070824183
23,1109,0.0035681328886533223
23,1198,0.123823536187395
23,1207,0.7000730827263285
23,1216,0.16833003739414185
23,1230,0.681038275995626
23,1247,0.06543032209333109
23,1248,0.03122986209791972
23,1311,0.19408747310761756
23,1438,0.4285805964017393
23,1445,0.001995343927122659
23,1525,0.10352602800327523
23,1543,0.19675801695382358
23,1558,0.055444451913512764
23,1571,0.6896060696606684
23,1727,0.006702140691127764
23,1754,0.1205757228194082
23,1770,0.1894570281575739
23,1778,0.03945946146978796
23,1803,0.23976528533884137
23,1847,0.3985113913196547
23,1878,0.623613088874527
23,1885,0.44117097812707395
23,1902,0.07968626867284385
23,1962,0.07887383278091958
23,1971,0.11430232781015925
23,1993,0.501814995513694
23,2126,0.13902879141104088
23,2139,0.1455955227422143
23,2290,0.14926930078113082
23,2304,0.34020369876089107
23,2306,0.06793454366807343
23,2322,0.8618859319643699
23,2444,0.11633641492999505
23,2490,0.43405939676979416
23,2492,0.06235054473867923
23,2494,0.20380203156342422
23,2539,0.19554606788265058
23,2569,0.09066091327600895
23,2577,0.9851813490318838
23,2581,0.058312553136221905
23,2631,0.1266876146393861
23,2640,0.6056999233915171
23,2664,0.07421810472075568
23,2704,0.15700020503618786
23,2707,0.16762298908036846
23,2760,0.9999962370756744
23,2826,0.010124249045653707
23,2867,0.07597411958393936
23,2956,0.23640004989937513
24,1062,0.031400118190915885
24,1109,0.05651570032149399
24,1207,0.7757466216687697
24,1216,0.00010596026490045049
24,1230,0.7904284110785149
24,1247,0.08416085793395019
24,1311,0.5207770672038579
24,1438,0.24775378509537474
24,1445,0.08824072872069177
24,1525,0.21538949052015133
24,1543,0.061372328321288715
24,1558,0.29221374578033354
24,1571,0.15462508089203947
24,1727,0.06113019962784112
24,1754,0.11540176198507503
24,1770,0.10865456324639251
24,1778,0.24549896543850425
24,1803,0.19101808221328875
24,1847,0.31166092415959085
24,1878,0.5565139249925742
24,1885,0.6407283344169173
24,1902,0.047517803238828316
24,1962,0.24642521361130548
24,1971,0.5959968533564931
24,1993,0.7087169357868393
24,2126,0.3818682462396801
24,2139,0.3593790639699498
24,2290,0.2290058449062331
24,2304,0.2202812819512392
24,2306,0.9334371359389185
24,2322,0.9329520733965162
24,2444,0.023188386780112088
24,2490,0.4213724754125452
24,2494,0.3012796058761078
24,2539,0.4484840082370439
24,2569,0.00010596026490045049
24,2577,0.28920558644377425
24,2581,0.265408701241965
24,2631,0.21868311405483026
24,2640,0.5954728129821202
24,2664,0.00010596026490045049
24,2704,0.00010596026490045049
24,2707,0.352008189400152
24,2760,0.9764853536961478
24,2826,0.2684135129941594
24,2867,0.10800926046060667
24,2956,0.1468841531494407
26,1062,0.18404339968379277
26,1109,0.020017848386177605
26,1207,0.33662869153741803
26,1216,0.7976370480645824
26,1230,0.3996546019924229
26,1247,0.3414727100440995
26,1248,0.6396478677308445
26,1445,0.12842807104690204
26,1525,0.09206727408778506
26,1543,0.12174157683657923
26,1558,0.3761154597522024
26,1727,0.05795957880484673
26,1754,0.06976147006832252
26,1770,0.9872647622628581
26,1778,0.34666731024896424
26,1878,0.09503307196122854
26,1885,0.4540898422875273
26,1902,0.24970100206986573
26,1962,0.00010596026490045049
26,1971,0.06561947793471509
26,1993,0.3551212216457806
26,2126,0.031700237786900426
26,2139,0.08178681878754668
26,2290,0.07457421843548874
26,2304,0.029102502062648184
26,2306,0.0737314499522692
26,2322,0.5029696677507173
26,2444,0.32918045503073096
26,2490,0.39026664222369783
26,2492,0.05650967116692002
26,2539,0.4370588666340611
26,2569,0.09960732553362744
26,2577,0.08593389625169058
26,2581,0.03930378914042687
26,2631,0.21249504278755046
26,2640,0.36841139857356187
26,2664,0.07755164675959468
26,2704,0.07430265970439233
26,2707,0.2062933268166646
26,2760,0.036889459111202345
26,2826,0.053875828506297366
26,2867,0.12057029351511468
27,1062,0.40047126787708437
27,1109,0.009404775932041004
27,1198,0.23039219092116126
27,1207,0.7329256547787734
27,1216,0.02773713115659772
27,1230,0.6831468466766962
27,1247,0.26384125724762386
27,1248,0.38349476388660636
27,1311,0.33267813173292443
27,1438,0.4741564982053219
27,1445,0.021259997085499263
27,1525,0.0971018227746649
27,1543,0.09452645010319284
27,1558,0.4044238083460772
27,1571,0.00010596026490045049
27,1727,0.011980603554919405
27,1754,0.12009322068201403
27,1770,0.00010596026490045049
27,1778,0.4577825295046808
27,1803,0.16268131615515216
27,1847,0.36904765923446525
27,1878,0.886047360509682
27,1885,0.4746791650746603
27,1902,0.11547115149609086
27,1962,0.03757893476869879
27,1971,0.1028279342740437
27,1993,0.5501511702804598
27,2126,0.2182341574143093
27,2139,0.0821706323117174
27,2290,0.22970187674897963
27,2304,0.20082032302222724
27,2306,0.7781921178389554
27,2322,0.7116426164989749
27,2444,0.00010434238928626003
27,2490,0.6018637757603331
27,2492,0.18390270743296813
27,2494,0.19203745821997195
27,2539,0.1895660877288543
27,2569,0.14046262846057153
27,2577,0.25522642708775506
27,2581,0.00010596026490045049
27,2631,0.49936390702338473
27,2640,0.5926104849750233
27,2664,0.07059351198991873
27,2704,0.3185961418064759
27,2707,0.2520950112468257
27,2760,0.7987963568420617
27,2826,0.20386808856911623
27,2867,0.12588236006888687
27,2956,0.5465847569990916
29,1062,0.4331413595098518
29,1109,0.0814091731238512
29,1207,0.28367362234589355
29,1216,0.7912275960997536
29,1230,0.4158522400617199
29,1247,0.10694501347421187
29,1248,0.8715536940964204
29,1445,0.08925723895540537
29,1525,0.08538407263559215
29,1543,0.0001039524427648054
29,1558,0.3630474048651132
29,1571,0.3228920946600295
29,1727,0.012795430226008528
29,1754,0.12590000922587866
29,1770,0.15124941908920497
29,1778,0.33852048680159186
29,1878,0.051157504885141945
29,1885,0.21946229668827594
29,1902,0.09754805543170869
29,1962,0.17064729035372042
29,1971,0.12481923563545018
29,1993,0.38346011548956643
29,2104,0.16739208851120707
29,2126,0.06673172577930254
29,2139,0.15483439966913384
29,2290,0.012745331526680637
29,2304,0.00010596026490045049
29,2306,0.041273259429700074
29,2322,0.5438783433077945
29,2444,0.10878115795346469
29,2490,0.7044751428925394
29,2492,0.494028352703428
29,2539,0.9393542714280536
29,2569,0.1141848536933319
29,2577,0.029806088547446964
29,2581,0.6445913607515203
29,2631,0.24718514365596952
29,2640,0.4698565001098935
29,2664,0.1242138556090637
29,2704,0.12404252001091326
29,2707,0.013032058813058101
29,2760,0.16649801001923553
29,2826,0.18101056178013245
29,2867,0.08471101919133618
30,1062,0.2044478851013477
30,1109,0.012360669337790025
30,1198,0.12010898167588188
30,1207,0.7019508139037122
30,1216,0.10094752821348071
30,1230,0.7266818141307871
30,1247,0.24199385816623023
30,1248,0.00010596026490045049
30,1311,0.18641922860235494
30,1438,0.16701610309174814
30,1445,0.0643366821036326
30,1525,0.9531681674837484
30,1543,0.08260960236164319
30,1558,0.09287526667944619
30,1571,0.00010596026490045049
30,1727,0.0006269584900118438
30,1754,0.20306813215118535
30,1770,0.02557871791438685
30,1778,0.38473398005637344
30,1803,0.20018385909196754
30,1847,0.10808516870726567
30,1878,0.3730074437021584
30,1885,0.5036738495041513
30,1902,0.09072321689233735
30,1962,0.057467072670125
30,1971,0.10033871058156048
30,1993,0.3800800626412426
30,2126,0.06853869119987242
30,2139,0.2364124153658626
30,2290,0.6312135826642018
30,2304,0.1329445130706409
30,2306,0.6887982888054741
30,2322,0.8552882202931494
30,2444,0.057425399128893606
30,2490,0.9934871711202655
30,2492,0.039247866133932684
30,2494,0.08518793655638358
30,2539,0.5374014772523797
30,2569,0.27581012865289395
30,2577,0.0759494837250316
30,2581,0.38692557090138496
30,2631,0.2986206491322997
30,2640,0.44463188092495987
30,2664,0.007409186278911662
30,2704,0.8931878714905069
30,2707,0.00010596026490045049
30,2760,0.9999962282383451
30,2826,0.0006132767369877132
30,2867,0.08170584949584246
30,2956,0.00010596026490045049
32,1062,0.00010596026490045049
32,1109,0.12108346228450041
32,1207,0.23616073949928265
32,1216,0.0472032078472653
32,1230,0.10980678178663189
32,1247,0.00010596026490045049
32,1248,0.7785348801800274
32,1445,0.06410582053029361
32,1525,0.07832785927314898
32,1543,0.47347947707243604
32,1558,0.05275762907951564
32,1571,0.15520218894058377
32,1727,0.022428661890228553
32,1754,0.06682655610096147
32,1770,0.08006077145568588
32,1778,0.4108883707694117
32,1878,0.08288839891848129
32,1885,0.4284387640985732
32,1902,0.12268017328737288
32,1962,0.4287667786217944
32,1971,0.14307811688220645
32,1993,0.0699640215690025
32,2104,0.15738979088051136
32,2126,0.04494084706668413
32,2139,0.2538365443065968
32,2290,0.11321569546952436
32,2304,0.13541566388510903
32,2306,0.5781756475697225
32,2322,0.3432159383174574
32,2444,0.015821993753515246
32,2490,0.7192998474423611
32,2492,0.061845968307888605
32,2539,0.4562546611826438
32,2569,0.1284624455831525
32,2577,0.08355085165022179
32,2581,0.00010596026490045049
32,2631,0.8844687241307643
32,2640,0.6298683365664761
32,2664,0.1785630072835661
32,2704,0.13061189206565296
32,2707,0.3080371915419764
32,2760,0.2372882278453813
32,2826,0.12734385637891021
32,2867,0.06666590253038128
32,2956,0.10145458726836346
34,1062,0.3284993937556622
34,1109,0.05072728321679361
34,1207,0.01940233924724916
34,1216,0.08014844622359867
34,1230,0.34198940707700065
34,1247,0.1236954494560643
34,1248,0.01794694825908334
34,1445,0.1275009489602087
34,1525,0.11780499162535792
34,1543,0.18336461356071573
34,1558,0.0474465766210694
34,1571,0.22180222854156273
34,1727,0.05241215036822248
34,1754,0.052922620797582254
34,1770,0.09226446981157388
34,1778,0.07886765817027451
34,1878,0.10754316436763879
34,1885,0.2772301835756394
34,1902,0.08130664071102248
34,1962,0.005354306417069212
34,1971,0.15845691156724998
34,1993,0.2956718538775414
34,2104,0.2880060536191553
34,2126,0.035710035686020214
34,2139,0.2362777469147903
34,2290,0.056519582564246655
34,2304,0.7056687252686903
34,2306,0.015014814601642315
34,2322,0.04873744648994787
34,2444,0.18767888445112427
34,2490,0.38653317056199726
34,2492,0.00010596026490045049
34,2539,0.622532628975683
34,2569,0.0005053683045422379
34,2577,0.04303603701446311
34,2581,0.1260868785732488
34,2631,0.2934376162904806
34,2640,0.28183024987553773
34,2664,0.09581104683442514
34,2704,0.11703654489342762
34,2707,0.11611792816047532
34,2760,0.39735155824743856
34,2826,0.12024286093287584
34,2867,0.07861857726892219
34,2956,0.1967730474990738
36,1062,0.2925779267160358
36,1109,0.00010596026490045049
36,1198,0.20236506767629783
36,1207,0.6326402429366815
36,1216,0.009468609812856823
36,1230,0.622913822191114
36,1247,0.06501149709980715
36,1248,0.00010596026490045049
36,1311,0.20893015349172872
36,1438,0.29491775785066127
36,1445,0.0872438011169382
36,1525,0.0005070217899575789
36,1543,0.5206499211318917
36,1558,0.14774883455246463
36,1571,0.15415900865987603
36,1727,0.03264842860410373
36,1754,0.388793964465132
36,1770,0.05571501076702387
36,1778,0.23495244623068326
36,1803,0.1620131580769231
36,1847,0.15486036873840606
36,1878,0.5748258742301245
36,1885,0.533868212156728
36,1902,0.29775088933477234
36,1962,0.04344290370797157
36,1971,0.12546345152567906
36,1993,0.4510000090592569
36,2126,0.13285958741889486
36,2139,0.06864418082287192
36,2290,0.18444532838431782
36,2304,0.15520957284766118
36,2306,0.0586405068885495
36,2322,0.7264778067501885
36,2444,0.057012930836692254
36,2490,0.608200873404197
36,2492,0.045254450060413724
36,2494,0.27020187053805483
36,2539,0.3511267610119373
36,2569,0.1984578878637106
36,2577,0.3725711389502685
36,2581,0.7920129900683968
36,2631,0.24052972795934857
36,2640,0.3920765949660779
36,2664,0.07974114906809066
36,2704,0.12632590322791704
36,2707,0.0305837218450035
36,2760,0.6299665726045921
36,2826,0.09510603764892968
36,2867,0.02675222203374623
36,2956,0.2839152757121929
39,1062,0.16040714577779286
39,1109,0.03286992007460379
39,1207,0.635273384990161
39,1216,0.18380783687086003
39,1230,0.670082181723888
39,1247,0.13839853180140813
39,1248,0.42600389910477643
39,1445,0.021636679058534558
39,1525,0.3065119157560223
39,1543,0.44925677751398346
39,1558,0.056619739782386456
39,1571,0.9999940397350996
39,1727,0.00010596026490045049
39,1754,0.04851350886983537
39,1770,0.06904505800854081
39,1778,0.2723397414651156
39,1878,0.17785795577385508
39,1885,0.6696256883325067
39,1902,0.47987228946681354
39,1962,0.10454491633350027
39,1971,0.3106486973991455
39,1993,0.7308924745726438
39,2104,0.0008832146077865462
39,2126,0.07900924990569469
39,2139,0.08667153016545331
39,2290,0.09929676653997184
39,2304,0.5448862299121344
39,2306,0.46546439351040764
39,2322,0.740584647081163
39,2444,0.11517002325431154
39,2490,0.8266653433209451
39,2492,0.0643639234547699
39,2539,0.40438113551702726
39,2569,0.18805988597635445
39,2577,0.12604565995682632
39,2581,0.3121138326884632
39,2631,0.5767699643708851
39,2640,0.00010596026490045049
39,2664,0.1449886234156846
39,2704,0.6342566002586121
39,2707,0.14874487941820544
39,2760,0.00010596026490045049
39,2826,0.12966634823397027
39,2867,0.530759112840871
41,1062,0.052565703530970204
41,1109,0.15493681554564584
41,1198,0.38818050672155124
41,1207,0.2737640318373344
41,1216,0.3662152732159789
41,1230,0.18267365479841557
41,1311,0.17094611617060634
41,1445,0.00010596026490045049
41,1525,0.872967156912345
41,1543,0.022007560095707215
41,1558,0.017629143123474744
41,1727,0.04816187427691233
41,1754,0.6690681007505134
41,1778,0.08781744955183907
41,1803,0.12825836945568675
41,1878,0.31810657975347106
41,1885,0.2391485367496885
41,1902,0.08380736518461449
41,1962,0.016237274546829897
41,1971,0.12439756450917294
41,1993,0.22494649113449752
41,2126,0.11689865304907046
41,2290,0.2430392535134073
41,2306,0.00010596026490045049
41,2322,0.2254644726032638
41,2490,0.2707593839065179
41,2492,0.0001060373138663492
41,2539,0.5236516630201226
41,2569,0.1722536974329557
41,2577,0.1721959856409346
41,2581,0.012650187383787457
41,2640,0.03691847259804663
41,2664,0.12390769301936409
41,2704,0.31340102899674954
41,2707,0.04912092570492393
41,2760,0.12800700069249385
41,2826,0.16776942544884493
42,1062,0.3241550778297317
42,1109,0.08992579232563827
42,1207,0.45621599108276234
42,1216,0.15667973534464047
42,1230,0.6608238347714026
42,1247,0.12667836531142032
42,1248,0.11568314845262308
42,1445,0.10235040765118238
42,1525,0.1787931154354824
42,1543,0.09627369411731525
42,1558,0.4132627411603524
42,1571,0.06030094976877567
42,1727,0.2409938267642253
42,1754,0.03876055171907487
42,1770,0.1565469806409753
42,1778,0.08345474181130806
42,1878,0.3082396278878687
42,1885,0.3052605060734729
42,1902,0.08808855794054024
42,1962,0.25295433869423345
42,1971,0.0841003161878169
42,1993,0.36388118822963467
42,2104,0.02150392028701975
42,2126,0.00010596026490045049
42,2139,0.032467505338121413
42,2290,0.17840366536695082
42,2304,0.44094204649990215
42,2306,0.039382092310080795
42,2322,0.5143734105448653
42,2444,0.05499875513751283
42,2490,0.3430034619101036
42,2492,0.06527843017347762
42,2539,0.18686099041234763
42,2569,0.00010596026490045049
42,2577,0.2968497888992334
42,2581,0.44296065740057217
42,2631,0.04705970009942968
42,2640,0.29595723010299047
42,2664,0.07397136359798036
42,2704,0.07882108471071261
42,2707,0.10479622838002069
42,2760,0.3593737259344905
42,2826,0.07079054948422372
42,2867,0.12901235681275325
42,2956,0.41702230156090075
43,1062,0.43335815582948894
43,1109,0.003493783471094698
43,1198,0.4578154963833098
43,1207,0.8402958747370012
43,1216,0.1175677051214588
43,1230,0.5739545331672128
43,1247,0.11241140179029807
43,1248,0.6756850969029955
43,1311,0.29436311620092026
43,1438,0.5586272358372378
43,1445,0.07226765392583209
43,1525,0.03396874663192928
43,1543,0.753851467690822
43,1558,0.289645822863736
43,1571,0.15749804988768976
43,1727,0.027028713750836115
43,1754,0.5231880320210299
43,1770,0.04133590215373758
43,1778,0.3863949654546362
43,1803,0.49021157725926584
43,1847,0.540577831946573
43,1878,0.9999940397350996
43,1885,0.38741353803332873
43,1902,0.2478514539399773
43,1962,0.04649922430325009
43,1971,0.5321129907992846
43,1993,0.4598289101048264
43,2126,0.2087207291939996
43,2139,0.18589453109668116
43,2290,0.2088715132759093
43,2304,0.15227311907753982
43,2306,0.0740827033376071
43,2322,0.7450370372222506
43,2444,0.0547014792073619
43,2490,0.7693241984182836
43,2492,0.07477738171578564
43,2494,0.18346553965253587
43,2539,0.3793036731142927
43,2569,0.01921701541413346
43,2577,0.25565690643995487
43,2581,0.037970066109790174
43,2631,0.6090254958453546
43,2640,0.7284215759020283
43,2664,0.007760686274259512
43,2704,0.14716760014837818
43,2707,0.1474912607636045
43,2760,0.9999934307159337
43,2826,0.13980606242134974
43,2867,0.08298827671674049
43,2956,0.725242995247804
50,1062,0.19158781914190637
50,1109,0.004581321943160102
50,1207,0.48648035903416575
50,1216,0.11851624965173783
50,1230,0.18786576466300603
50,1247,0.00010596026490045049
50,1248,0.10527879107276875
50,1445,0.10617129798165159
50,1525,0.2630179240403843
50,1543,0.3998197748358565
50,1558,0.03095107007382281
50,1571,0.00010596026490045049
50,1727,0.1401368167858719
50,1754,0.06454014044396421
50,1770,0.1772977653848118
50,1778,0.36929473777052974
50,1878,0.11419623150673565
50,1885,0.6551228495243333
50,1902,0.00010596026490045049
50,1962,0.022611829288655832
50,1971,0.06389694095199792
50,1993,0.06773842543604063
50,2104,0.00010596026490045049
50,2126,0.06473317509658828
50,2139,0.12408687452944328
50,2290,0.00010596026490045049
50,2304,0.22661056378329883
50,2306,0.15665344355834218
50,2322,0.48377272861899023
50,2444,0.013532680055764626
50,2490,0.44322579922099625
50,2492,0.3187188054055347
50,2539,0.1219670673931544
50,2569,0.06881081990019795
50,2577,0.11722569644405363
50,2581,0.25101789641275585
50,2631,0.10400447636188474
50,2640,0.05466217133348361
50,2664,0.06709487015915878
50,2704,0.1714991859497962
50,2707,0.2848668700844513
50,2760,0.29186952496680585
50,2826,0.11537172435815779
50,2867,0.04764037973726926
51,1062,0.3588319697534756
51,1109,0.00010596026490045049
51,1198,0.09101034937620174
51,1207,0.873679179982827
51,1216,0.00010596026490045049
51,1230,0.648779267351478
51,1247,0.0917972866003027
51,1248,0.46797209349186814
51,1311,0.19458749835073866
51,1438,0.5413876754116338
51,1445,0.03711261938234704
51,1525,0.25255330357265265
51,1543,0.04964226282662708
51,1558,0.05903927059907388
51,1571,0.32865624810482263
51,1727,0.022191876392111252
51,1754,0.19323390350181563
51,1770,0.05946100398807334
51,1778,0.46518301584832783
51,1803,0.16825026681477032
51,1847,0.3077146702914248
51,1878,0.7128071317941436
51,1885,0.47110948133334524
51,1902,0.06038128878473956
51,1962,0.08904201506820626
51,1971,0.14935354938822087
51,1993,0.453113753796899
51,2126,0.09589879494355083
51,2139,0.15623979478700184
51,2290,0.23145773796813993
51,2304,0.16323599230680885
51,2306,0.0001046511219882864
51,2322,0.6075914605163242
51,2444,0.00010477564888961293
51,2490,0.5770687482740345
51,2492,0.09376757154184995
51,2494,0.13632007732864157
51,2539,0.4506574669635965
51,2569,0.3569978287951418
51,2577,0.141200995506277
51,2581,0.0708758559818339
51,2631,0.12425924629665606
51,2640,0.5151349033575882
51,2664,0.05138044707303125
51,2704,0.2617468886089978
51,2707,0.0884692084921681
51,2760,0.9999939149546501
51,2826,0.13539563992592415
51,2867,0.0621389757813782
51,2956,0.00010596026490045049
52,1062,0.5311913949409707
52,1109,0.00010596026490045049
52,1198,0.18473936361787502
52,1207,0.49003135496656053
52,1216,0.14577095948744487
52,1230,0.47397216150972193
52,1247,0.1518788554591615
52,1248,0.4213410655187624
52,1311,0.12691262604980355
52,1438,0.1919702608986693
52,1445,0.007942410972958641
52,1525,0.1607212130112497
52,1543,0.2039962142208637
52,1558,0.08506168433607941
52,1571,0.21372180207040783
52,1727,0.05760059958797708
52,1754,0.2087983540657639
52,1770,0.10024789210094136
52,1778,0.1328238483813917
52,1803,0.2510537179784597
52,1847,0.08549203645802858
52,1878,0.7867684390228773
52,1885,0.363472623895375
52,1902,0.07728929707275205
52,1962,0.06464732181683007
52,1971,0.07811919108809916
52,1993,0.48025243875121143
52,2126,0.209536882395043
52,2139,0.1909756909555589
52,2290,0.17251297331143273
52,2304,0.1784708799327354
52,2306,0.7001634435329452
52,2322,0.7660881340851358
52,2444,0.06315419234648939
52,2490,0.6461766597912197
52,2492,0.719740213088204
52,2494,0.12944313543714028
52,2539,0.5783428267291574
52,2569,0.2995456080204985
52,2577,0.3062362136643008
52,2581,0.07102921892463629
52,2631,0.1525645280782425
52,2640,0.8844274881518627
52,2664,0.00010596026490045049
52,2704,0.10945045310965743
52,2707,0.07683976856761958
52,2760,0.9999953332794547
52,2826,0.1168872623972959
52,2867,0.08226926909967323
52,2956,0.18657589621725265
53,1062,0.16451429026702014
53,1109,0.00010596026490045049
53,1198,0.15041665396409645
53,1207,0.4534540707574603
53,1216,0.03605523350352009
53,1230,0.5116018498785249
53,1247,0.16938705760058986
53,1248,0.3459801053581743
53,1311,0.12244147110989423
53,1438,0.10739526678331482
53,1445,0.08141989178000189
53,1525,0.2352679508858315
53,1543,0.03767953536944857
53,1558,0.21726503731278038
53,1571,0.22763043458251808
53,1727,0.00010596026490045049
53,1754,0.2697254656897586
53,1770,0.1081378845579702
53,1778,0.05330877407487463
53,1803,0.21279919221485596
53,1847,0.21244226602238173
53,1878,0.4660170841157651
53,1885,0.2496677574444778
53,1902,0.13246452143768037
53,1962,0.049283546442570464
53,1971,0.28871722245296844
53,1993,0.324161515661984
53,2126,0.09795271990157697
53,2139,0.07775494799438464
53,2290,0.13080519923964012
53,2304,0.11974706143074422
53,2306,0.3948663569640494
53,2322,0.5947504687234554
53,2444,0.0488695217634207
53,2490,0.11064911885230996
53,2492,0.00010596026490045049
53,2494,0.12214778811480315
53,2539,0.3464992087898751
53,2569,0.34146661069750417
53,2577,0.23042904553220517
53,2581,0.04548213708549639
53,2631,0.10589085862684325
53,2640,0.04898212092915798
53,2664,0.24996094757296916
53,2704,0.09364940365945999
53,2707,0.04852257227389792
53,2760,0.7577954813688894
53,2826,0.15472111483431117
53,2867,0.08909999672221451
53,2956,0.17749439446605844
55,1062,0.1515768449340199
55,1109,0.021380773978072067
55,1198,0.2807529155847155
55,1207,0.9985606449116464
55,1216,0.18065639150803392
55,1230,0.5652327035030769
55,1247,0.00010596026490045049
55,1248,0.12460270101746848
55,1311,0.196863501620972
55,1445,0.08711643245855723
55,1525,0.3544119997430736
55,1543,0.1250172309284559
55,1558,0.00010596026490045049
55,1571,0.231131461383267
55,1727,0.00010596026490045049
55,1754,0.31748044618854004
55,1778,0.00010388835968458071
55,1803,0.2568802583710374
55,1885,0.22150372224626066
55,1902,0.5387706660043596
55,1962,0.01629291655442737
55,1971,0.3332580631010593
55,1993,0.475904384227577
55,2126,0.09554126545395344
55,2139,0.09809457591151916
55,2290,0.09029348881824034
55,2304,0.00010596026490045049
55,2306,0.08150135924318432
55,2322,0.8009896540688645
55,2444,0.06184935548172731
55,2490,0.5785291182007454
55,2492,0.00010596026490045049
55,2539,0.2423923709737807
55,2569,0.10066947130960213
55,2581,0.04258926309773166
55,2631,0.10413188077082396
55,2640,0.6793779152166467
55,2664,0.22538434613398345
55,2704,0.01647280868900719
55,2707,0.205189299055882
55,2760,0.3442561668319863
55,2826,0.27699355735196035
55,2867,0.1264580505267813
57,1062,0.15834703373432577
57,1109,0.025422786817869497
57,1207,0.6588822331432976
57,1216,0.08925015327604124
57,1230,0.44896086928148243
57,1247,0.041062878979725714
57,1248,0.3323094058409987
57,1445,0.04576047792990775
57,1543,0.21728676202204106
57,1558,0.2403267185045058
57,1727,0.00010596026490045049
57,1754,0.06896345883916065
57,1770,0.9999940397350996
57,1778,0.38356696359812464
57,1878,0.05509848802247995
57,1885,0.5596581030588279
57,1902,0.9220202245484869
57,1962,0.05535824089729251
57,1971,0.0032360959673936847
57,1993,0.032015000856918184
57,2126,0.12346693183738774
57,2139,0.22117831695325843
57,2290,0.11093162028893745
57,2304,0.022049484287786345
57,2306,0.00010596026490045049
57,2322,0.4726024802951884
57,2444,0.08304502694180455
57,2490,0.6745276216123681
57,2492,0.5791338657468525
57,2539,0.27890383964235094
57,2569,0.10954249083075507
57,2577,0.0868295344975498
57,2581,0.07008687209509637
57,2631,0.06654712082484583
57,2640,0.11101589314903958
57,2664,0.12776291834399617
57,2707,0.03714711070961081
57,2826,0.05756983618610522
57,2867,0.25915466876590243
58,1062,0.23626803706053304
58,1109,0.09948742540272892
58,1207,0.4494166417376185
58,1216,0.11086400221607062
58,1230,0.5045471740767018
58,1247,0.013039859869440415
58,1248,0.19707736087184544
58,1445,0.14026820067311338
58,1525,0.09969070521096465
58,1543,0.7323451724646425
58,1558,0.004842374327564087
58,1571,0.23745990774095418
58,1727,0.034844236409195525
58,1754,0.015333631468693192
58,1770,0.08344364741759967
58,1778,0.21339130590507321
58,1878,0.15675625168928986
58,1885,0.41071457886971113
58,1902,0.11394597293501821
58,1962,0.09889337760828154
58,1971,0.08173555686106312
58,1993,0.4238763883751368
58,2104,0.00010596026490045049
58,2126,0.3323591407053489
58,2139,0.20512294160244543
58,2290,0.0721334104166591
58,2304,0.04539643238576928
58,2306,0.9920116434368605
58,2322,0.6479767445143944
58,2444,0.15163810455890667
58,2490,0.04575997352752618
58,2492,0.07961241202059341
58,2539,0.28281836306878144
58,2569,0.0848204912720706
58,2581,0.04526091449998266
58,2631,0.00026733286637098494
58,2640,0.11395515283825977
58,2664,0.12924230570966952
58,2704,0.10197943611949013
58,2707,0.21633204055944383
58,2760,0.10239334789645098
58,2826,0.05197118970100873
58,2867,0.3086571972402367
59,1062,0.19719154279033632
59,1109,0.00010596026490045049
59,1198,0.39639638215228046
59,1207,0.7509274485178521
59,1216,0.2593580134628918
59,1230,0.6797050319046658
59,1247,0.16232522695351786
59,1248,0.8629601840193962
59,1311,0.345844349786041
59,1438,0.13754938625304997
59,1445,0.02898762427435674
59,1525,0.01815469529331242
59,1543,0.10420452343490344
59,1558,0.28720129672034256
59,1571,0.1754854113316708
59,1727,0.023697982622999523
59,1754,0.1451512638448486
59,1770,0.06703828101132925
59,1778,0.5753717022104363
59,1803,0.15100353333134747
59,1847,0.39366146070186364
59,1878,0.3020639682784956
59,1885,0.3832938160499208
59,1902,0.014953683329286968
59,1962,0.32584991301336047
59,1971,0.08319654484286737
59,1993,0.46209757490830666
59,2126,0.11084434925319588
59,2139,0.11468420561743536
59,2290,0.120834999405751
59,2304,0.19779764999752292
59,2306,0.6128300490893253
59,2322,0.6496080662568384
59,2444,0.020050131230499913
59,2490,0.45867913319008913
59,2492,0.15304619256284596
59,2494,0.15554321198806653
59,2539,0.4511487651538192
59,2569,0.09342115081065337
59,2577,0.22255735556644266
59,2581,0.2523185124461184
59,2631,0.36673234221123335
59,2640,0.18872054948741415
59,2664,0.06322858535077686
59,2704,0.08616048402150538
59,2707,0.030901929852417433
59,2760,0.7143028487481603
59,2826,0.10116266534170443
59,2867,0.09448511204585876
59,2956,0.22581679676471333
61,1062,0.3137461777551378
61,1109,0.00010596026490045049
61,1207,0.37933200230604436
61,1216,0.04025850473940031
61,1230,0.3192664649804833
61,1247,0.009051332248382513
61,1248,0.1958197112824743
61,1445,0.08184924283475792
61,1525,0.16874099673902052
61,1543,0.23637061113600016
61,1558,0.07748698704710441
61,1571,0.21202092667522132
61,1727,0.1086694026243236
61,1754,0.04406097190216147
61,1770,0.00010596026490045049
61,1778,0.24410662635714697
61,1878,0.07865035353431997
61,1885,0.6450804972244046
61,1902,0.04178039423325651
61,1962,0.05093054193519228
61,1971,0.06689842482223388
61,1993,0.3487884944807555
61,2104,0.29317540558888205
61,2126,0.26330622820244826
61,2139,0.05482435999405507
61,2290,0.062087370123165175
61,2304,0.06758403671937215
61,2306,0.4673014145985889
61,2322,0.41760299973802534
61,2444,0.00010596026490045049
61,2490,0.04110693573715106
61,2492,0.08936825745555842
61,2539,0.32219163910825205
61,2569,0.019151532061911485
61,2577,0.09391207693922615
61,2581,0.051041154738536744
61,2631,0.2545684113455957
61,2640,0.06010011633241474
61,2664,0.052948684422828116
61,2704,0.14102608431557412
61,2707,0.07884264825924885
61,2760,0.08214712172953643
61,2826,0.05816418614235448
61,2867,0.0964471499181518
64,1062,0.2750275028370225
64,1109,0.00010625119328091023
64,1207,0.18180471524104275
64,1216,0.057148037861470054
64,1230,0.18495524834638602
64,1247,0.1654166469492628
64,1248,0.09379619988846383
64,1445,0.00010596026490045049
64,1525,0.047497200814152485
64,1543,0.004008706443494971
64,1558,0.07627939226590436
64,1727,0.020091576725143324
64,1754,0.08351984334690495
64,1770,0.24878666923453197
64,1778,0.4957205554454587
64,1878,0.252346015899275
64,1885,0.21768834394539516
64,1902,0.00844152747988175
64,1962,0.24336679394453778
64,1971,0.05513415089803811
64,1993,0.21192774266249317
64,2126,0.06365998373103104
64,2139,0.11402652135797899
64,2290,0.08187159705295444
64,2304,0.020555566614757936
64,2306,0.06225460903010162
64,2322,0.17852866356569455
64,2444,0.00010596026490045049
64,2490,0.16752089920291857
64,2492,0.008368362805636635
64,2539,0.407278045568287
64,2569,0.00010571450424685319
64,2577,0.2312884966169349
64,2581,0.5863540650559346
64,2631,0.07553059654135266
64,2640,0.04228254866073008
64,2664,0.00010596026490045049
64,2704,0.0689961353694582
64,2707,0.018938276691539333
64,2760,0.21353355883003108
64,2826,0.024922637000967217
64,2867,0.00010596026490045049
65,1062,0.2203116682089432
65,1109,0.014057434599709775
65,1207,0.46154258016584854
65,1216,0.09483507506483177
65,1230,0.3952226225175307
65,1247,0.10986694078682795
65,1248,0.24817660612291398
65,1445,0.02771983716026423
65,1525,0.13787934915223599
65,1543,0.47420880682391553
65,1558,0.23507320489674163
65,1571,0.16170837075947628
65,1727,0.022922391102670473
65,1754,0.062369388693535366
65,1770,0.009144736891656725
65,1778,0.4220474735168484
65,1878,0.5100257766998781
65,1885,0.2625756313440095
65,1902,0.00010596026490045049
65,1962,0.11242542094670409
65,1971,0.11998706937891734
65,1993,0.28548371824875685
65,2104,0.10567031363120334
65,2126,0.04862034772728451
65,2139,0.12578221274584875
65,2290,0.04921653103999061
65,2304,0.05010774869382241
65,2306,0.5794222807625089
65,2322,0.5982006670009868
65,2444,0.02931902078570612
65,2490,0.5282531477168955
65,2492,0.03580827483235208
65,2539,0.31315063614639604
65,2569,0.26642753103761296
65,2577,0.08515606267818146
65,2581,0.09800511171376435
65,2631,0.26186445742925524
65,2640,0.6626028899647597
65,2664,0.2910061054430394
65,2704,0.15642260793774135
65,2707,0.12114085890897267
65,2760,0.23950063554942735
65,2826,0.11785709664653508
65,2867,0.05626856168488274
65,2956,0.19033855348531317
66,1062,0.2760216136667106
66,1109,0.014562487155766838
66,1207,0.400782011764213
66,1216,0.1862645267553781
66,1230,0.3763642299297067
66,1247,0.006920471693965266
66,1248,0.6038749602473975
66,1445,0.025800756130859307
66,1525,0.14696982685588642
66,1543,0.6009793652999972
66,1558,0.00010596026490045049
66,1571,0.08821568433385316
66,1727,0.03076990699139015
66,1754,0.038569958961646576
66,1770,0.09844162016445783
66,1778,0.30645097880458483
66,1878,0.3676489376243622
66,1885,0.3894260267497478
66,1902,0.00010596026490045049
66,1962,0.0021608706469911886
66,1971,0.0973001766846908
66,1993,0.5211589925387938
66,2104,0.09865232701577273
66,2126,0.08157234693832018
66,2139,0.16994343373787044
66,2290,0.010163226725774799
66,2304,0.868285677944742
66,2306,0.168117161774861
66,2322,0.3760587550011461
66,2444,0.09918992345272933
66,2490,0.7477622482234705
66,2492,0.30009534466367016
66,2539,0.26518111880861894
66,2569,0.06929508705661334
66,2577,0.10419293990571553
66,2581,0.40049757258957713
66,2631,0.1299897962236532
66,2640,0.6687428892613342
66,2664,0.04714034107810316
66,2704,0.06935569785912865
66,2707,0.06463904815621875
66,2760,0.16434924229519243
66,2826,0.0941425847699327
66,2867,0.02212203360967795
66,2956,0.014430244935949809
67,1062,0.4596345848694568
67,1109,0.0035352818237070933
67,1198,0.16797223377771567
67,1207,0.7899365659923652
67,1216,0.01031127095363843
67,1230,0.6716776883258843
67,1247,0.10488053792912039
67,1248,0.25272554978635076
67,1311,0.5018639655015397
67,1438,0.3123511878284433
67,1445,0.006224340211666445
67,1525,0.06425499071274082
67,1543,0.6062886381514498
67,1558,0.2712930824183769
67,1571,0.3206166941268444
67,1727,0.017752618050108606
67,1754,0.3072239378955665
67,1770,0.03204087190561355
67,1778,0.4922038867281034
67,1803,0.1569782921864254
67,1847,0.3482676411924929
67,1878,0.5280887640571788
67,1885,0.5558838076163218
67,1902,0.05912912535481501
67,1962,0.1319295105550549
67,1971,0.0928980416436173
67,1993,0.4672463049384119
67,2126,0.1981878414070464
67,2139,0.08983919001730126
67,2290,0.207191719512136
67,2304,0.13463708593377915
67,2306,0.49466429993518307
67,2322,0.7431784642404121
67,2444,0.07037022725022905
67,2490,0.13397725234322358
67,2492,0.45065380217565587
67,2494,0.2862348315490299
67,2539,0.4173818698299831
67,2569,0.26106724742044496
67,2577,0.3298272177200575
67,2581,0.16598554939727772
67,2631,0.2633510261759582
67,2640,0.4542622750535291
67,2664,0.022326841889903613
67,2704,0.11423367599220437
67,2707,0.0729026695910349
67,2760,0.6746918323969605
67,2826,0.042508339155541884
67,2867,0.0735064054920719
67,2956,0.1161804848476345
68,1062,0.09085089261028254
68,1109,0.019491432193296986
68,1207,0.1769104509622403
68,1216,0.11702996541919547
68,1230,0.31512500227644147
68,1247,0.1293060596608181
68,1248,0.19542344809444334
68,1445,0.08173937604752499
68,1525,0.09835272570076196
68,1543,0.00010596026490045049
68,1558,0.152406945973857
68,1571,0.16173612020326522
68,1727,0.001410970820860507
68,1754,0.058945904164603984
68,1770,0.25159579148435113
68,1778,0.2539837662794432
68,1878,0.26109229921264593
68,1885,0.3458310979313012
68,1902,0.08781055720418174
68,1962,0.06827356122853
68,1971,0.1345240391976591
68,1993,0.2682995717241416
68,2104,0.13373748106003483
68,2126,0.045829813801993136
68,2139,0.13066953336839315
68,2290,0.07316756307041196
68,2304,0.320476170077112
68,2306,0.15777346185022206
68,2322,0.001842681196682905
68,2444,0.020954494818488007
68,2490,0.8274431386865406
68,2492,0.5048837289009221
68,2539,0.026892681106815336
68,2569,0.13105671348812273
68,2577,0.1484208283712261
68,2581,0.6147389696851022
68,2631,0.1047416687249455
68,2640,0.1904190384580094
68,2664,0.23128461996410643
68,2704,0.13080001077997513
68,2707,0.10069358410982863
68,2760,0.12698029300813268
68,2826,0.06846947360394436
68,2867,0.12134016816919224
68,2956,0.3106641354025178
72,1062,0.18511632125702468
72,1109,0.00010596026490045049
72,1198,0.19107794704401987
72,1207,0.8368510874380732
72,1216,0.07391921769608924
72,1230,0.5656911957168467
72,1247,0.1991790720539181
72,1248,0.1557789813866521
72,1311,0.1890576728652019
72,1438,0.28337549299318254
72,1445,0.0001059340805096163
72,1525,0.013018096409629136
72,1543,0.26616016933614717
72,1558,0.5021180955891912
72,1571,0.08682948289117243
72,1727,0.03005722468474855
72,1754,0.45830240102778735
72,1770,0.1312525968917165
72,1778,0.4767727678188457
72,1803,0.1913959416776718
72,1847,0.1671142712943463
72,1878,0.7787916143287049
72,1885,0.548289665553035
72,1902,0.13372676325092003
72,1962,0.4546725939448681
72,1971,0.14173681446630979
72,1993,0.5568670173965581
72,2126,0.2431855539100757
72,2139,0.02664975484491823
72,2290,0.15258895384492085
72,2304,0.30555549582972713
72,2306,0.4871244488491661
72,2322,0.757430426668257
72,2444,0.07712417438783983
72,2490,0.6541608917773699
72,2492,0.12657192854653396
72,2494,0.044673658461254394
72,2539,0.6558042834712234
72,2569,0.1309208916392089
72,2577,0.20953497867678242
72,2581,0.0710881903658109
72,2631,0.07596201542791362
72,2640,0.9736650493027534
72,2664,0.07341594731127227
72,2704,0.26943996820335203
72,2707,0.07603789181074291
72,2760,0.90328011140188
72,2826,0.09722818509083056
72,2867,0.061658835138309324
72,2956,0.3
73,1062,0.236424385638935
73,1109,0.0001045815885685116
73,1207,0.45956546748955407
73,1216,0.15622647472875822
73,1230,0.2517937753780265
73,1247,0.13138412565997643
73,1248,0.2632680518912316
73,1445,0.059339099327967
73,1525,0.4389058242358007
73,1543,0.3886145319868086
73,1558,0.08939678099746885
73,1727,0.00010596026490045049
73,1754,0.04690906051115283
73,1770,0.1426108734376581
73,1778,0.3166839452557349
73,1878,0.6079057890195805
73,1885,0.4907263554284372
73,1902,0.07054886920899774
73,1962,0.4953441172661253
73,1971,0.08713719273547335
73,1993,0.06790817552822086
73,2126,0.2945597586172406
73,2139,0.22675876036407053
73,2290,0.03639646255515374
73,2304,0.18781338680043386
73,2306,0.03306930017865789
73,2322,0.37907500255799753
73,2444,0.12532215229351767
73,2490,0.5467887022279492
73,2492,0.027693072853496262
73,2539,0.10359578284602924
73,2569,0.07189851476586476
73,2577,0.1292829454339408
73,2581,0.11258544133417622
73,2631,0.022955399649594005
73,2640,0.08769681172550872
73,2664,0.11181508640352027
73,2704,0.21007197334030098
73,2707,0.028384176330943978
73,2760,0.09565890328525745
73,2826,0.08555524593599849
73,2867,0.9598176549710129
74,1062,0.42977668999407304
74,1109,0.00010596026490045049
74,1207,0.18233945601994392
74,1216,0.1213862098651546
74,1230,0.18561268630133115
74,1247,0.6104064873460211
74,1248,0.00010377659643866887
74,1445,0.09995510913734616
74,1525,0.9999940397350996
74,1543,0.5603784003350335
74,1558,0.585614505705468
74,1571,0.9672768817744317
74,1727,0.06761055161065997
74,1754,0.00010596026490045049
74,1770,0.6166323170340473
74,1778,0.3448210026365238
74,1878,0.2858597861875499
74,1885,0.24462480642563508
74,1902,0.12112034032027377
74,1962,0.4837796994016367
74,1971,0.18295343845891232
74,1993,0.18137012662180316
74,2104,0.1454960494795983
74,2126,0.10611577276949344
74,2139,0.10879334404523106
74,2290,0.04749175674594257
74,2304,0.2893966852009495
74,2306,0.09339701042402605
74,2322,0.13207722914487102
74,2444,0.0787179373738119
74,2490,0.16786487041048287
74,2492,0.07380732233490947
74,2539,0.216987657209961
74,2569,0.15207315609798985
74,2577,0.2450066192021958
74,2581,0.5394823566832506
74,2631,0.39863663974819347
74,2640,0.26199482691601444
74,2664,0.3746753588027196
74,2704,0.09623717461128531
74,2707,0.10211166716129456
74,2760,0.022550777655450327
74,2826,0.10495780234519093
74,2867,0.08634082802091332
74,2956,0.605187486943717
75,1062,0.087846701978592
75,1109,0.04532574029807789
75,1207,0.3816950407380954
75,1216,0.07322981436066489
75,1230,0.38507959553955506
75,1247,0.00010596026490045049
75,1248,0.5093856509709407
75,1445,0.06129416156906818
75,1525,0.3182280544575646
75,1543,0.6279242574410921
75,1558,0.04762112281937287
75,1727,0.14267814162055367
75,1754,0.00010596026490045049
75,1770,0.04374484961810949
75,1778,0.28907856983272934
75,1878,0.11531050993691169
75,1885,0.3884088510765656
75,1902,0.00010596026490045049
75,1962,0.3946159888489131
75,1971,0.07679965330953932
75,1993,0.09015491466548822
75,2126,0.023471526816453998
75,2139,0.26136714292269764
75,2290,0.054457534414948675
75,2304,0.8058928431463596
75,2306,0.33369338840087276
75,2322,0.31763016629881624
75,2444,0.000105875224087343
75,2490,0.11155586691978667
75,2492,0.6760935175932306
75,2539,0.1620879780793523
75,2569,0.28843680335542493
75,2577,0.344513138213621
75,2581,0.00010423225355069441
75,2631,0.5260916419608012
75,2640,0.06950183212056513
75,2664,0.1893419724526034
75,2704,0.21991756003434307
75,2707,0.11081056011406415
75,2760,0.19294510943192164
75,2826,0.1003673898215716
75,2867,0.046293333671858276
76,1062,0.14623675920833862
76,1109,0.05623502055230638
76,1198,0.22609606155671788
76,1207,0.8743094789285657
76,1230,0.760930609574757
76,1247,0.12789506635316508
76,1248,0.00010596026490045049
76,1311,0.24433126570047478
76,1438,0.15722008881089827
76,1445,0.060856588533622656
76,1525,0.4285197677804853
76,1543,0.0915244788158958
76,1558,0.0187057856786008
76,1727,0.16284492531594402
76,1754,0.3383508896368241
76,1770,0.03730981803079535
76,1778,0.5569478863963774
76,1803,0.22992126855614056
76,1847,0.27604889193967497
76,1878,0.6342747466115839
76,1885,0.33404315613093
76,1902,0.17335535689464307
76,1962,0.00010596026490045049
76,1971,0.00010612853455360076
76,1993,0.6942657278072654
76,2126,0.10080812179962582
76,2139,0.3104866643072433
76,2290,0.17256289880658285
76,2304,0.16143923111985034
76,2306,0.00010343334626683248
76,2322,0.8450100416255981
76,2444,0.04703337287730165
76,2490,0.5739718281869501
76,2492,0.00010349021311875385
76,2494,0.29413074885414586
76,2539,0.3031986143123861
76,2569,0.3809722824963069
76,2577,0.3067836945678341
76,2581,0.01804979916655505
76,2631,0.2093357294304621
76,2640,0.37006586257792545
76,2664,0.011180261597716035
76,2704,0.040765723304303295
76,2707,0.17397042490559256
76,2760,0.755861192538762
76,2826,0.11952812512210562
76,2867,0.9999940397350996
77,1062,0.2322257823083808
77,1109,0.10280868276672028
77,1207,0.2510513498866303
77,1216,0.2434895198248738
77,1230,0.21281252508842555
77,1247,0.08399760488362404
77,1248,0.09862317068552745
77,1445,0.00010596026490045049
77,1525,0.022227852843175435
77,1543,0.0916660251794827
77,1558,0.15860473353439455
77,1727,0.012574809967275544
77,1754,0.05481014328890794
77,1770,0.11652747397750224
77,1778,0.4634024880426136
77,1878,0.5602965166320358
77,1885,0.738759019614447
77,1902,0.19800855309238366
77,1962,0.11738894258005612
77,1971,0.13076280502333595
77,1993,0.4178150494844067
77,2126,0.06501783529008669
77,2139,0.08332505720619082
77,2290,0.07878874653359079
77,2304,0.5442335778198611
77,2306,0.036683383543452526
77,2322,0.14211123670731954
77,2444,0.00010596026490045049
77,2490,0.827595729727227
77,2492,0.00010596026490045049
77,2539,0.5530500006151257
77,2569,0.0778208040494766
77,2577,0.11299558664876944
77,2581,0.5131453127994193
77,2631,0.5079851827892349
77,2640,0.39139413442148685
77,2664,0.06929425566544618
77,2704,0.11501451768310854
77,2707,0.19077498042953867
77,2760,0.11286068685511257
77,2826,0.004269196274169522
77,2867,0.00010596026490045049
80,1062,0.07688368287854043
80,1109,0.062363431021567155
80,1198,0.1572875280252102
80,1207,0.5462075011435615
80,1216,0.0646563372043528
80,1230,0.562403989044464
80,1247,0.23717706071102615
80,1248,0.9999940397350996
80,1311,0.1952608104283265
80,1438,0.2386295977675894
80,1445,0.08425539121847904
80,1525,0.1792068989943711
80,1543,0.13459169914657163
80,1558,0.06192413170735869
80,1571,0.18133244940776796
80,1727,0.06299167781060425
80,1754,0.24646560960963965
80,1770,0.07640878259382354
80,1778,0.3562603167641926
80,1803,0.11088586127862252
80,1847,0.4586275742884957
80,1878,0.4995916779108938
80,1885,0.28923663024502794
80,1902,0.5993232216034875
80,1962,0.03702195960823688
80,1971,0.07408530208714345
80,1993,0.4397126442558677
80,2126,0.09383529488955654
80,2139,0.2263529831576341
80,2290,0.6182595049281395
80,2304,0.12836158331894584
80,2306,0.41955679548610914
80,2322,0.6214968153541075
80,2444,0.08335818411933398
80,2490,0.5842995895335421
80,2492,0.08824854779458259
80,2494,0.18917451301240115
80,2539,0.3784182002350797
80,2569,0.048917507198876845
80,2577,0.7662050130725016
80,2581,0.4151988831173328
80,2631,0.4477315452224902
80,2640,0.5173513245199082
80,2664,0.00010596026490045049
80,2704,0.08775797844294518
80,2707,0.030968243141010023
80,2760,0.8852298649011071
80,2826,0.039980746224688564
80,2867,0.09354978347191022
80,2956,0.05517925120978837
81,1062,0.2911854075101486
81,1109,0.05402094422233575
81,1207,0.4890790273033438
81,1216,0.156870267914519
81,1230,0.5184555706183536
81,1247,0.07267834871744387
81,1248,0.019726573487140162
81,1445,0.025922063883246756
81,1525,0.058231357997595636
81,1543,0.49763684898323496
81,1558,0.00010584679243864011
81,1571,0.6012621231982936
81,1727,0.06942266398542177
81,1754,0.01860197693170073
81,1770,0.08847254939403562
81,1778,0.1956218849708793
81,1878,0.10564006397937353
81,1885,0.30337162590559713
81,1902,0.0731654589053707
81,1962,0.00010596026490045049
81,1971,0.09330493054137622
81,1993,0.27911613999804324
81,2104,0.13404457911293885
81,2126,0.02246835169308142
81,2139,0.05805440456542384
81,2290,0.06944361181458676
81,2304,0.00010596026490045049
81,2306,0.05881693563717474
81,2322,0.6124114293165309
81,2444,0.06063711367597118
81,2490,0.7912477312493938
81,2492,0.06923282653028444
81,2539,0.6538656348125986
81,2569,0.10756531015152454
81,2577,0.14657618485206092
81,2581,0.3525539853904644
81,2631,0.1300608381067557
81,2640,0.396798317519863
81,2664,0.08292395486278667
81,2704,0.026920589280293505
81,2707,0.08776673963843785
81,2760,0.11895999816132728
81,2826,0.18703325478596095
81,2867,0.08328016916355803
83,1062,0.2389725503948981
83,1109,0.0740404237292624
83,1207,0.224470146944529
83,1216,0.16239377270876174
83,1230,0.2828331060462502
83,1247,0.10241487229983841
83,1248,0.7489276217243791
83,1445,0.004491450274838885
83,1525,0.28835819629848003
83,1543,0.08814752721995422
83,1558,0.008275561907627342
83,1571,0.3564795024082315
83,1727,0.040564922435678406
83,1754,0.1187507113867002
83,1770,0.1688211794744291
83,1778,0.3593985612134045
83,1878,0.276218105509523
83,1885,0.39982712333071346
83,1902,0.07883922517399101
83,1962,0.06243917241310209
83,1971,0.08944772376780326
83,1993,0.41607894670589013
83,2104,0.1646357640674273
83,2126,0.10161587072775782
83,2139,0.12815067276800982
83,2290,0.07641316681735115
83,2304,0.04584327705527524
83,2306,0.05403242265344539
83,2322,0.15785213146177332
83,2444,0.013805195625787511
83,2490,0.00010453758292381255
83,2492,0.052272119925566574
83,2539,0.2693757526682912
83,2569,0.02439254763715418
83,2577,0.21412226181929708
83,2581,0.2629463534877506
83,2631,0.6905993450155756
83,2640,0.41656845725079866
83,2664,0.00010596026490045049
83,2704,0.12026360953654101
83,2707,0.00010596026490045049
83,2760,0.1625948916416863
83,2826,0.054164479319916775
83,2867,0.012239054411089561
83,2956,0.22619270733659627
86,1062,0.1421394620880749
86,1109,0.06293920382291754
86,1207,0.44667784207304373
86,1216,0.08633276357011051
86,1230,0.4939973257306335
86,1247,0.018238103366373427
86,1248,0.10717713095326596
86,1438,0.2182248075180341
86,1445,0.00010596026490045049
86,1525,0.35317731278705355
86,1543,0.09697228891761626
86,1558,0.0163538525366738
86,1571,0.00010596026490045049
86,1727,0.00010596026490045049
86,1754,0.11970413747431755
86,1770,0.07902591511968221
86,1778,0.6068710932794412
86,1847,0.1393727520469351
86,1878,0.2744525334525475
86,1885,0.47954073506013967
86,1902,0.4970897608501874
86,1962,0.11328879851602461
86,1971,0.08752918842801281
86,1993,0.6039500567650558
86,2126,0.0311749684434907
86,2139,0.09298872276581155
86,2290,0.12796227748611677
86,2304,0.07627730159912752
86,2306,0.2538217716687461
86,2322,0.6759633653447273
86,2444,0.0744393866762576
86,2490,0.033916680328864406
86,2492,0.3535150546956706
86,2494,0.14882171487734222
86,2539,0.1341983564353616
86,2569,0.15369517649723968
86,2577,0.1283618909435289
86,2581,0.0815934769504688
86,2631,0.16513226553378524
86,2640,0.3963115052835963
86,2664,0.05823777753435712
86,2704,0.07970061294712995
86,2707,0.05239287881276244
86,2760,0.18407331910544006
86,2826,0.1675557372226263
86,2867,0.14545296470842486
88,1062,0.12097930010724346
88,1109,0.00010596026490045049
88,1207,0.4235068976217419
88,1216,0.12521083158497645
88,1230,0.31953097371699896
88,1247,0.17804502707297204
88,1248,0.8419448060604615
88,1445,0.010962877822994214
88,1525,0.049988436953999814
88,1543,0.3951896457733687
88,1558,0.09094634398460585
88,1571,0.16898879359371244
88,1727,0.06141124717181418
88,1754,0.14718893310864514
88,1770,0.1243060268245478
88,1778,0.4195970317708726
88,1878,0.1925927331792998
88,1885,0.3005673726724931
88,1902,0.07357975259471358
88,1962,0.04824366639750704
88,1971,0.08488706049028723
88,1993,0.2582111248757721
88,2104,0.00010596026490045049
88,2126,0.08965001175627228
88,2139,0.5483129856730917
88,2290,0.04804450090855181
88,2304,0.9217400004903048
88,2306,0.1451715664844918
88,2322,0.3104810794421272
88,2444,0.06685384961883374
88,2490,0.7853962194900698
88,2492,0.07393177260889
88,2539,0.00010596026490045049
88,2569,0.0659915144242129
88,2577,0.12432851984891223
88,2581,0.25785040972623224
88,2631,0.5925468247004975
88,2640,0.13154056223073035
88,2664,0.13805483643382008
88,2704,0.10507969812420918
88,2707,0.0798664116458637
88,2760,0.239210014855314
88,2826,0.058825230970849456
88,2867,0.09462615094858452
88,2956,0.14258461832731567
89,1062,0.25267429834834054
89,1109,0.030251545754600987
89,1198,0.27459933644306084
89,1207,0.7666144053687455
89,1216,0.05603243685036575
89,1230,0.7998009616734889
89,1247,0.005201630938813306
89,1248,0.2608471139097616
89,1311,0.2706889609276752
89,1438,0.5015301006199852
89,1445,0.08524689734301477
89,1525,0.12935258777765715
89,1543,0.08265229035621942
89,1558,0.03727216314073942
89,1571,0.08638675235679986
89,1727,0.014367553413343621
89,1754,0.16101982199288947
89,1770,0.0859964199977648
89,1778,0.5777488544918064
89,1803,0.22166596677791875
89,1847,0.5127307421232676
89,1878,0.734233662109124
89,1885,0.49519797933941456
89,1902,0.10254923251863544
89,1962,0.08713250936078354
89,1971,0.43154295683216526
89,1993,0.516945946309977
89,2126,0.06604863008143322
89,2139,0.06968894042271245
89,2290,0.1408533317808779
89,2304,0.16462010337554764
89,2306,0.7270288772509009
89,2322,0.663730908610507
89,2444,0.05996358765950266
89,2490,0.5306578989320789
89,2492,0.06800339154860686
89,2494,0.16585968423870928
89,2539,0.5304453379076176
89,2569,0.10429510632722568
89,2577,0.22059955446875498
89,2581,0.11084974820212788
89,2631,0.44908126576149027
89,2640,0.7562551471812617
89,2664,0.0019092109227323935
89,2704,0.08754028559862266
89,2707,0.05268750365748767
89,2760,0.9895677210994553
89,2826,0.11408228779474126
89,2867,0.0632553858136875
89,2956,0.07959714829876598
91,1062,0.001401766672475873
91,1109,0.2254941731688978
91,1198,0.23440067836003836
91,1207,0.4130896951563218
91,1216,0.008937620479253044
91,1248,0.12001557142088158
91,1311,0.00010596026490045049
91,1445,0.14881842890051167
91,1525,0.07142857142857145
91,1543,0.08566928112915141
91,1558,0.07403571313359263
91,1727,0.13253664929514883
91,1754,0.15598451241132757
91,1778,0.36921376246187926
91,1803,0.17382662438823052
91,1878,0.642703469196128
91,1885,0.19977413511848133
91,1962,0.05433728065863722
91,1971,0.1366889362134239
91,1993,0.11396429943274344
91,2126,0.11119438528706614
91,2290,0.17552758897474116
91,2304,0.10516554610402931
91,2322,0.5371084527886202
91,2490,0.00010545678429066789
91,2539,0.2184087066233566
91,2581,0.06975564157641363
91,2631,0.12491011697767375
91,2664,0.1435775083999847
91,2704,0.9999940397350996
91,2707,0.09135850602670857
91,2826,0.04463660666073274
92,1062,0.21926222450449098
92,1109,0.00043719857796915005
92,1207,0.3970400082588651
92,1216,0.14750981395371215
92,1230,0.19000346852325709
92,1247,0.00010596026490045049
92,1248,0.721405561780656
92,1445,0.07365916952909582
92,1525,0.07338250200564589
92,1543,0.7126907161883312
92,1558,0.037587355016321856
92,1727,0.10717566993586801
92,1754,0.08695495594417003
92,1770,0.3349728845062948
92,1778,0.33062526287079685
92,1878,0.8672513137696952
92,1885,0.08373556298674986
92,1902,0.1855270016273672
92,1962,0.00010458405517687411
92,1971,0.526051783163952
92,1993,0.515719180347999
92,2126,0.39555801327107426
92,2139,0.00010596026490045049
92,2290,0.06908291023437754
92,2304,0.7968768530833403
92,2306,0.13573440640734027
92,2322,0.27351918754267623
92,2444,0.2686588611530149
92,2490,0.5676177372752818
92,2492,0.49024866388447896
92,2539,0.3209157773915801
92,2569,0.15412716929462217
92,2581,0.04617775587525019
92,2631,0.8128429670633371
92,2640,0.050626084637050324
92,2664,0.1966094168707148
92,2704,0.11923122620465473
92,2707,0.12408517291249095
92,2760,0.09553498351732907
92,2826,0.08595183554805245
92,2867,0.9999940397350996
93,1062,0.07406179848411114
93,1109,0.034125955634891215
93,1207,0.4159530701385896
93,1216,0.16644733210758794
93,1230,0.2553514923151446
93,1247,0.14404805001419135
93,1248,0.0551036551306566
93,1445,0.00010596026490045049
93,1525,0.15290156869416344
93,1543,0.0900857102738192
93,1558,0.44708328727196506
93,1571,0.288888186602372
93,1727,0.08617753448518764
93,1754,0.0626342992323195
93,1770,0.05390046442532255
93,1778,0.35775847192399024
93,1878,0.3701632360149752
93,1885,0.5135106269851827
93,1902,0.39217450154390604
93,1962,0.24744076596617753
93,1971,0.1710868124251369
93,1993,0.443776641689316
93,2104,0.39934062542082815
93,2126,0.10212247825643693
93,2139,0.24732439526807926
93,2290,0.06590258437771448
93,2304,0.1112306572577153
93,2306,0.02204610188872811
93,2322,0.31354662823008517
93,2444,0.12085102956043094
93,2490,0.7286082133690758
93,2492,0.7716142770532465
93,2539,0.27937486575715365
93,2569,0.023418946562779885
93,2577,0.02564568919144407
93,2581,0.5734032199456418
93,2631,0.2661029762337625
93,2640,0.5685420788801485
93,2664,0.2277787652265621
93,2704,0.0744730898268688
93,2707,0.14172774243168565
93,2760,0.1605039744390692
93,2826,0.15038075598519338
93,2867,0.23230891276159701
93,2956,0.3482453217921064
94,1062,0.27662326347038146
94,1109,0.00010596026490045049
94,1207,0.38104147654036497
94,1216,0.17618952184922107
94,1230,0.44474106464875723
94,1247,0.0756003135664942
94,1248,0.30039189705186714
94,1445,0.11803063880654507
94,1525,0.09081125575260698
94,1543,0.015571719022269495
94,1558,0.1732982332100016
94,1727,0.34743420127359886
94,1754,0.0021294567201178096
94,1770,0.11176988886993582
94,1778,0.10501947466017979
94,1878,0.37755384623150445
94,1885,0.8433506323020129
94,1902,0.13119663148132177
94,1962,0.047903030248707505
94,1971,0.1116895728753418
94,1993,0.7004581987317904
94,2126,0.00010596026490045049
94,2139,0.00010596026490045049
94,2290,0.04036541652245098
94,2304,0.12336389068839906
94,2306,0.6679405341810596
94,2322,0.4798380185734307
94,2444,0.08653805155067959
94,2490,0.6412713158017349
94,2492,0.019033248452996754
94,2539,0.2539270828478594
94,2569,0.3877974762556883
94,2577,0.09966754560086463
94,2581,0.5041334204091934
94,2631,0.024605289558647436
94,2640,0.6164031636141906
94,2664,0.03792511182581725
94,2704,0.06055962860078616
94,2707,0.13546489485453048
94,2760,0.6362465866550129
94,2826,0.160903135866242
94,2867,0.00010636143211949509
97,1062,0.19769016518628635
97,1109,0.00010596026490045049
97,1207,0.3190431886389453
97,1216,0.1081954268977881
97,1230,0.7094652225458048
97,1247,0.007498152027047051
97,1248,0.19843987199177973
97,1445,0.029670126088343057
97,1525,0.14906222743271091
97,1543,0.8278137421261794
97,1558,0.04910413892471741
97,1571,0.16518985480697798
97,1727,0.11515941087873209
97,1754,0.06177190345403554
97,1770,0.14590418025747973
97,1778,0.29265019328121
97,1878,0.1960607675985758
97,1885,0.317429021948719
97,1902,0.00010596026490045049
97,1962,0.5275113899099346
97,1971,0.07516461183164372
97,1993,0.2809814849403841
97,2104,0.11650278672791779
97,2126,0.0746527967331153
97,2139,0.189388311873919
97,2290,0.0562846931845943
97,2304,0.5159591965381711
97,2306,0.4230094017528173
97,2322,0.3842573181114544
97,2444,0.0755075831835379
97,2490,0.5505392596569124
97,2492,0.5225370309481695
97,2539,0.5150266297467209
97,2569,0.036011156668380076
97,2577,0.08216772770473954
97,2581,0.5676838310957233
97,2631,0.19921244529452115
97,2640,0.20847100903622237
97,2664,0.35072135545721167
97,2704,0.152438119332326
97,2707,0.17237446851993113
97,2760,0.1864718517514832
97,2826,0.07861743442502303
97,2867,0.08283241631228766
99,1062,0.43901043632805714
99,1109,0.027353385687845774
99,1207,0.6916185131321507
99,1216,0.13028065114968784
99,1230,0.8240098896717913
99,1247,0.11220516064365334
99,1248,0.7468446766865895
99,1438,0.24147081501530385
99,1445,0.03982676225634558
99,1525,0.19414100983788365
99,1543,0.046303332933774956
99,1558,0.3999210895131242
99,1571,0.03179782126382273
99,1727,0.0033031259659964825
99,1754,0.4010074105118287
99,1770,0.07195541308345955
99,1778,0.6221337980545983
99,1847,0.16006549918879648
99,1878,0.45046068653756904
99,1885,0.5736903091937222
99,1902,0.0016901787408395398
99,1962,0.5085965969712777
99,1971,0.25775829881015655
99,1993,0.26347604089628035
99,2126,0.13093108526000038
99,2139,0.10477722220996914
99,2290,0.13921600433969322
99,2304,0.1710425233917712
99,2306,0.00010596026490045049
99,2322,0.5696612319348808
99,2444,0.06202632529768819
99,2490,0.6275055807934878
99,2492,0.46439429037877317
99,2494,0.19599684771190268
99,2539,0.21783739461534485
99,2569,0.08820791840431111
99,2577,0.6726163743583848
99,2581,0.0533139018999261
99,2631,0.5476070707812213
99,2640,0.6740436428613241
99,2664,0.03723058514890984
99,2704,0.03124282030675062
99,2707,0.07425692156522713
99,2760,0.1252281862546355
99,2826,0.1199209484864412
99,2867,0.061971073912662274
99,2956,0.1350814943892176
101,1062,0.15292975866487457
101,1109,0.02155359718445122
101,1198,0.1951125962051126
101,1207,0.7734484128748723
101,1216,0.08683614638495665
101,1230,0.6836374983714165
101,1247,0.0786031667112234
101,1248,0.07650262848520097
101,1311,0.10445729472207893
101,1438,0.17630274079900923
101,1445,0.05711315361105853
101,1525,0.6129279969346373
101,1543,0.3839435224579081
101,1558,0.0918400273811844
101,1727,0.02646649328485509
101,1754,0.38344449917468615
101,1770,0.1304115793468724
101,1778,0.6345109680559469
101,1803,0.1242743025743622
101,1847,0.3087579351810933
101,1878,0.04464268813232703
101,1885,0.6348485155324008
101,1902,0.06305651261994673
101,1962,0.08424955379158926
101,1971,0.5527666223961166
101,1993,0.4690318170021647
101,2126,0.13839728284704061
101,2139,0.01828496182947971
101,2290,0.1756628528725696
101,2304,0.3275417265071545
101,2306,0.4679303039534174
101,2322,0.7318497334688225
101,2444,0.06105788965001505
101,2490,0.5020152029685133
101,2492,0.00010596026490045049
101,2494,0.1507274628392942
101,2539,0.1871327914637284
101,2569,0.00010596026490045049
101,2577,0.17399032605089293
101,2581,0.0021886442991847113
101,2631,0.06706782979459813
101,2640,0.9999940397350996
101,2664,0.00010596026490045049
101,2704,0.07826692791076059
101,2707,0.04930028169629981
101,2760,0.5851758054128487
101,2826,0.11142987422430772
101,2867,0.04107206972594928
102,1062,0.15574389998324398
102,1109,0.06956456007004057
102,1207,0.22946813286286802
102,1216,0.13567567840067427
102,1230,0.42124114510418076
102,1247,0.08267840070996452
102,1248,0.256906927047898
102,1445,0.07207837818465986
102,1525,0.05317485042759965
102,1543,0.03672217871232791
102,1558,0.11898886650217953
102,1727,0.07959488623822782
102,1754,0.07718376458493152
102,1770,0.05341451788966555
102,1778,0.32926356354727304
102,1878,0.4936320031649402
102,1885,0.7535568954524958
102,1902,0.16925925106434428
102,1962,0.16865778666820413
102,1971,0.06847586406181744
102,1993,0.5390084314069378
102,2126,0.09180627614602342
102,2139,0.26767616624292667
102,2290,0.05311067968161647
102,2304,0.08918784220738482
102,2306,0.11850562742223394
102,2322,0.14112201639189217
102,2444,0.0985162182237048
102,2490,0.5484950635564346
102,2492,0.08946385171666271
102,2539,0.5299648022980675
102,2569,0.11558457146823127
102,2581,0.09276520888214028
102,2631,0.18020564583489737
102,2640,0.022786509310379604
102,2664,0.08382706901953009
102,2704,0.03662075975078593
102,2707,0.10819740439940624
102,2760,0.15739307369074565
102,2826,0.04827955273878286
102,2867,0.7566356513803154
104,1062,0.446184820681505
104,1109,0.014989252255926771
104,1198,0.19105276211115463
104,1207,0.6035305856558929
104,1216,0.07904395253941239
104,1230,0.9073574272007514
104,1247,0.06956828915023419
104,1248,0.5091569145083097
104,1311,0.188302894564222
104,1438,0.12571089576487052
104,1445,0.025365779778077132
104,1525,0.16949391477689763
104,1543,0.08880795562534696
104,1558,0.39169860917978444
104,1571,0.00010596026490045049
104,1727,0.039860924745583025
104,1754,0.1961116697789837
104,1770,0.10615064828458698
104,1778,0.032561350440982524
104,1803,0.21956363481724425
104,1847,0.20079167310961513
104,1878,0.7761091596154097
104,1885,0.4860465800548928
104,1902,0.1654232539633655
104,1962,0.2165828581805337
104,1971,0.10455334298169042
104,1993,0.2883758146929299
104,2126,0.2572501755201186
104,2139,0.20494526429473398
104,2290,0.1673962308172466
104,2304,0.11449472578821583
104,2306,0.5764149558073126
104,2322,0.7165796958366054
104,2444,0.07710610342861991
104,2490,0.5481662181216262
104,2492,0.052913351405330454
104,2494,0.16564125687802894
104,2539,0.42577898529024955
104,2569,0.43867771225406943
104,2577,0.28638360850222344
104,2581,0.06494698469708397
104,2631,0.105923916420684
104,2640,0.6086922234951032
104,2664,0.07027865390701686
104,2704,0.26491989172721836
104,2707,0.18285831819472995
104,2760,0.9999963928943005
104,2826,0.21243031198742124
104,2867,0.03806222716715863
104,2956,0.09848537840422143
106,1062,0.2416111049739872
106,1109,0.036952123235703585
106,1207,0.14408632980464475
106,1216,0.09789479601719124
106,1230,0.1715359480119535
106,1247,0.19562868963990374
106,1248,0.2165935542799886
106,1445,0.07332845066728476
106,1525,0.12306706231205168
106,1543,0.007978654793200653
106,1558,0.026303566606658214
106,1571,0.19271390222790696
106,1727,0.0022812915345132474
106,1754,0.06102515988575474
106,1770,0.03283900088197419
106,1778,0.3483494780376023
106,1878,0.44419791703732714
106,1885,0.44296029541437937
106,1902,0.05608942961135466
106,1962,0.5683690160786742
106,1971,0.11315327030375738
106,1993,0.5442981212946614
106,2126,0.08073170920550304
106,2139,0.1063111676597724
106,2290,0.05057580838280912
106,2304,0.08994537262699107
106,2306,0.16083097960720835
106,2322,0.26976742244164065
106,2444,0.11064432287343474
106,2490,0.7329070896813683
106,2492,0.004863606544493099
106,2539,0.48513297272203243
106,2569,0.06881794985931128
106,2577,0.26289497886692326
106,2581,0.00010492182621611253
106,2631,0.12715985377939468
106,2640,0.3368057836276503
106,2664,0.4272117233645295
106,2704,0.9999940397350996
106,2707,0.10123532844509994
106,2760,0.12441667023755985
106,2826,0.12819597643064676
106,2867,0.06791336902587712
108,1062,0.44802798264732246
108,1109,0.011830838411146793
108,1198,0.320598761243645
108,1207,0.46401424236095445
108,1216,0.03703490984998731
108,1230,0.5640902344385172
108,1247,0.058631456887959586
108,1248,0.5125755853793892
108,1311,0.4398584956108618
108,1438,0.49172796290572357
108,1445,0.06454941426452439
108,1525,0.6900260277362644
108,1543,0.010666802012123104
108,1558,0.377554366382986
108,1571,0.1550878768391543
108,1727,0.0112713599309705
108,1754,0.13798248207747893
108,1770,0.10265677855097333
108,1778,0.45660490413544874
108,1803,0.2688208688012672
108,1847,0.7941804316075806
108,1878,0.13433040326346005
108,1885,0.48109026749005407
108,1902,0.1298109689196682
108,1962,0.49407552647138725
108,1971,0.06665809706818791
108,1993,0.5332867528865354
108,2126,0.024774088639895445
108,2139,0.059283914124302506
108,2290,0.12005103284299737
108,2304,0.17084291360292891
108,2306,0.6965566639260347
108,2322,0.517624294014425
108,2444,0.060208820189615465
108,2490,0.4605215509051056
108,2492,0.056851754998225895
108,2494,0.23696824704862526
108,2539,0.3238031135939829
108,2569,0.22867168583767286
108,2577,0.13106503597079427
108,2581,0.05604804455670961
108,2631,0.4990702710087154
108,2640,0.5697656798497739
108,2664,0.022038300976989476
108,2704,0.36100638719930417
108,2707,0.029483122902267303
108,2760,0.9999937622083682
108,2826,0.07223359817292836
108,2867,0.04933304476545642
108,2956,0.48552283595580553
109,1062,0.30476505207842197
109,1109,0.019589411544091554
109,1198,0.13608866013328869
109,1207,0.6030117543154251
109,1216,0.16587293486103308
109,1230,0.8141189190993786
109,1247,0.1751840703764173
109,1248,0.20414599131250172
109,1311,0.44384946842647194
109,1438,0.083300774905634
109,1445,0.07789244227663822
109,1525,0.09667164800629939
109,1543,0.00686959290123626
109,1558,0.14323184252275795
109,1727,0.01844934452440209
109,1754,0.1029900817369987
109,1770,0.07049280836422173
109,1778,0.4652657920081519
109,1803,0.36515924462515087
109,1847,0.13155313504044183
109,1878,0.6614823154518882
109,1885,0.4957646771235844
109,1902,0.1329285027145054
109,1962,0.04352963718461083
109,1971,0.03836318994438122
109,1993,0.4010275368241295
109,2126,0.08590075534138675
109,2139,0.08806284981388206
109,2290,0.11940372274644766
109,2304,0.1694700686283882
109,2306,0.03245968432909348
109,2322,0.8927559584901841
109,2444,0.03908458016065255
109,2490,0.00010596026490045049
109,2492,0.12701579369084567
109,2494,0.10480508647279782
109,2539,0.14659869642881618
109,2569,0.10203859072470357
109,2577,0.12977962772328613
109,2581,0.09028950404025254
109,2631,0.44938118575899527
109,2640,0.5084680555127629
109,2664,0.00010596026490045049
109,2704,0.06576186401301146
109,2707,0.12884901816002922
109,2760,0.9335358295276466
109,2826,0.09554648823219623
109,2867,0.9999940397350996
110,1062,0.2584311580610962
110,1109,0.026329081019461527
110,1207,0.4579998889878724
110,1216,0.2580066698246512
110,1230,0.5154556466177084
110,1247,0.17575131482324205
110,1248,0.06142978537801036
110,1445,0.04989937470217156
110,1525,0.17667844262537172
110,1543,0.025615215895956837
110,1558,0.5114124101653238
110,1571,0.3
110,1727,0.008372365108595027
110,1754,0.07374513059815918
110,1770,0.2601418289291376
110,1778,0.2078897769994759
110,1878,0.4920221119505268
110,1885,0.5903327894849018
110,1902,0.2938592667307522
110,1962,0.15471104037271302
110,1971,0.06616538904261074
110,1993,0.376295699096978
110,2126,0.00010596026490045049
110,2139,0.09942932672234596
110,2290,0.04276800659897195
110,2304,0.22177712072241315
110,2306,0.2985888067972804
110,2322,0.39882826515796577
110,2444,0.24077942720286888
110,2490,0.020612491882508226
110,2492,0.5864338398490633
110,2539,0.30139306717170766
110,2569,0.09720913272891367
110,2577,0.00010596026490045049
110,2581,0.05987952913360576
110,2631,0.13278074055390637
110,2640,0.6102884341717797
110,2664,0.19469339643237762
110,2704,0.12233111827187448
110,2707,0.0967659864211529
110,2760,0.36662362218247246
110,2826,0.08346236747469886
110,2867,0.00010596026490045049
113,1062,0.3655918776426639
113,1109,0.10967761702978654
113,1207,0.37810274820458317
113,1216,0.25100028343187614
113,1230,0.32956455465610535
113,1247,0.11145264723900682
113,1248,0.9999940397350996
113,1445,0.019033834718843883
113,1525,0.1722640898558757
113,1543,0.00953536082407945
113,1558,0.40899047260650856
113,1727,0.13628548860764497
113,1754,0.017485081384211336
113,1770,0.1077762856856063
113,1778,0.4648562189294832
113,1878,0.10221164992604588
113,1885,0.1886894379394063
113,1902,0.004539685633704458
113,1962,0.3088945037365393
113,1971,0.14245292298680212
113,1993,0.11546651523461621
113,2104,0.17654132095659456
113,2126,0.06313839393219946
113,2139,0.08436701990387968
113,2290,0.0820513226553373
113,2304,0.3460119210628226
113,2306,0.3935466585796199
113,2322,0.3996801694036831
113,2444,0.08564743846710128
113,2490,0.6680236239714841
113,2492,0.0001055830234581694
113,2539,0.19897270412162799
113,2569,0.0659557400875619
113,2577,0.6000943800166586
113,2581,0.3594877454423018
113,2631,0.8826304657446875
113,2640,0.6119761029409365
113,2664,0.05273801948722902
113,2704,0.2984332376240547
113,2707,0.02398918097384505
113,2760,0.09598493360159963
113,2826,0.07205347416478408
113,2867,0.0716580842800883
124,1062,0.14325254127610726
124,1109,0.0620286440314518
124,1198,0.10759520693659794
124,1207,0.9999939553799516
124,1216,0.12513128688438116
124,1230,0.5835557047674589
124,1247,0.061323569941134574
124,1248,0.3750481510997712
124,1311,0.05051856377966977
124,1438,0.10883982259677026
124,1445,0.0757433966062509
124,1525,0.026725757295179137
124,1543,0.1448022505689624
124,1558,0.00010596026490045049
124,1571,0.39075199331920646
124,1727,0.08747826939748517
124,1754,0.31656238842986184
124,1770,0.11520963581571948
124,1778,0.03079601453334404
124,1803,0.13867099558368867
124,1847,0.09822300180032581
124,1878,0.00010596026490045049
124,1885,0.29959845291522846
124,1902,0.1253950073288671
124,1962,0.0712659784282677
124,1971,0.6649945030438702
124,1993,0.00010593173957432134
124,2126,0.07806264880171633
124,2139,0.10519193794006135
124,2290,0.7463230171970481
124,2304,0.0621512520472588
124,2306,0.17902928662456424
124,2322,0.6109512251123177
124,2444,0.045086868819560595
124,2490,0.44961171358949864
124,2492,0.016642106091540237
124,2494,0.5071406050209183
124,2539,0.07848724786923703
124,2569,0.20782563630870254
124,2577,0.2828827596927747
124,2581,0.007925176439683936
124,2631,0.20056604870450706
124,2640,0.06344136245576479
124,2664,0.08372343054502222
124,2704,0.083678862406048
124,2707,0.09747675030310123
124,2760,0.898302069500958
124,2826,0.08048330490861177
124,2867,0.0986560617546811
124,2956,0.23877834196266726
126,1062,0.07877258154544484
126,1109,0.024833743238081348
126,1198,0.24585302770624715
126,1207,0.7072931815542265
126,1216,0.1393115106877398
126,1230,0.8094267885265177
126,1247,0.025258302790293563
126,1248,0.05001873515392564
126,1311,0.3665571440810966
126,1438,0.1024553789871273
126,1445,0.05096871514855177
126,1525,0.031113153518696885
126,1543,0.04341093599122146
126,1558,0.6587938469974166
126,1571,0.5495729080859341
126,1727,0.00010555971704249582
126,1754,0.04599067165510455
126,1770,0.09596238555687779
126,1778,0.4122657760280529
126,1803,0.3054373267577343
126,1847,0.2097858369725586
126,1878,0.39388417159863764
126,1885,0.4083061381717944
126,1902,0.16642478740798045
126,1962,0.08677622856437982
126,1971,0.08971313316895224
126,1993,0.4061525461135874
126,2126,0.07454137413795252
126,2139,0.144238172137148
126,2290,0.23498520715393914
126,2304,0.00010596026490045049
126,2306,0.6714301152234657
126,2322,0.6538705435326745
126,2444,0.05994308000774606
126,2490,0.4870422857065847
126,2492,0.07736503206046239
126,2494,0.13640574779726758
126,2539,0.4025547389250305
126,2569,0.11786423485697822
126,2577,0.5420056587485309
126,2581,0.00010335367636288761
126,2631,0.22646203431359035
126,2640,0.8433772458746378
126,2664,0.13376623671446458
126,2704,0.18738900776485018
126,2707,0.11082100701518252
126,2760,0.9231578741664459
126,2826,0.102815070302305
126,2867,0.07988034206717996
126,2956,0.09364649163619618
129,1062,0.13979229200154739
129,1109,0.011542027163980487
129,1207,0.15276405483451064
129,1216,0.06597361846414178
129,1230,0.2901172764433861
129,1247,0.06374863651851101
129,1248,0.44146368747840264
129,1445,0.04855174938962572
129,1525,0.3302851324704438
129,1543,0.6076368743775142
129,1558,0.41543852303082296
129,1571,0.027632278378492577
129,1727,0.06119030598649094
129,1754,0.05099569767418711
129,1770,0.09703599939308209
129,1778,0.378537946230021
129,1878,0.42287256730547357
129,1885,0.3256232174344217
129,1902,0.14717722199767203
129,1962,0.09638735501216077
129,1971,0.07356964818144764
129,1993,0.26536354369551884
129,2104,0.00010596026490045049
129,2126,0.00010596026490045049
129,2139,0.10216352049261396
129,2290,0.08202329495918667
129,2304,0.8761053879229486
129,2306,0.2451513383362151
129,2322,0.11578625876650105
129,2444,0.05672235452566768
129,2490,0.00010598274975824261
129,2492,0.00010596026490045049
129,2539,0.3163970766189976
129,2569,0.18374805449404655
129,2577,0.05104051919660409
129,2581,0.07070390125663681
129,2631,0.10166343501274544
129,2640,0.5047092591776552
129,2664,0.05747092256960785
129,2704,0.08451350403894806
129,2707,0.06781762911476157
129,2760,0.49887185007133006
129,2826,0.03183550897393332
129,2867,0.10300003832840594
129,2956,0.19504782759553596
132,1062,0.2559047763830301
132,1109,0.027907760442302053
132,1198,0.14320815178973448
132,1207,0.7296719304618682
132,1216,0.11954155970251773
132,1230,0.8091057526936829
132,1247,0.11706321876938419
132,1248,0.24958730142773425
132,1311,0.378224306078081
132,1438,0.17765670397176003
132,1445,0.025459435560204184
132,1525,0.43602085778076105
132,1543,0.0846367439398091
132,1558,0.09800114626984943
132,1571,0.12627090333832444
132,1727,0.033855913555680996
132,1754,0.1417547644101762
132,1770,0.08451868043611077
132,1778,0.47634705836515734
132,1803,0.3201287867395664
132,1847,0.2390839209252238
132,1878,0.8102974589246802
132,1885,0.5883466043042354
132,1902,0.06397348286191848
132,1962,0.19109896434917956
132,1971,0.08851081931458087
132,1993,0.573368278992914
132,2126,0.05698705982344518
132,2139,0.12471763543474475
132,2290,0.13613438861712143
132,2304,0.22040580858637948
132,2306,0.6651996681370794
132,2322,0.8032301302226766
132,2444,0.00010363823165840855
132,2490,0.6093079332565662
132,2492,0.04468378859045279
132,2494,0.19380253292131486
132,2539,0.5872693444287957
132,2569,0.3073582044981475
132,2577,0.06929714208211459
132,2581,0.4821020515482859
132,2631,0.23276521466902497
132,2640,0.9584848633748362
132,2664,0.08570951054446402
132,2704,0.11149853004995076
132,2707,0.06484992355331458
132,2760,0.9018736833628319
132,2826,0.02418385292542264
132,2867,0.103507313166005
132,2956,0.22666523814157344
137,1062,0.46456210724079683
137,1109,0.00010596026490045049
137,1198,0.4762452554104342
137,1207,0.633742396760026
137,1216,0.1978596247333634
137,1230,0.705322113702685
137,1247,0.055074052979162624
137,1248,0.7320797582405664
137,1311,0.6761554985693088
137,1438,0.32690466208362207
137,1445,0.10688445875730088
137,1525,0.09540445666129642
137,1543,0.1303979991360643
137,1558,0.8966466906848483
137,1571,0.3056778623889079
137,1727,0.01235365475857249
137,1754,0.21393741955907147
137,1770,0.0743642678384615
137,1778,0.5470245734763824
137,1803,0.39340874607596327
137,1847,0.5045169688915995
137,1878,0.7157398447490474
137,1885,0.697290379293918
137,1902,0.03784604892876883
137,1962,0.08524828075791728
137,1971,0.0858680728123029
137,1993,0.7589888623471561
137,2126,0.081079389041298
137,2139,0.09863983629941968
137,2290,0.1179377156171077
137,2304,0.4903490435614777
137,2306,0.9011526238861665
137,2322,0.9535688175151852
137,2444,0.05899973379526191
137,2490,0.6379267822084286
137,2492,0.5302840929248959
137,2494,0.25047671451876646
137,2539,0.7393932665250977
137,2569,0.00751477514818118
137,2577,0.34966455178476213
137,2581,0.017641005097682013
137,2631,0.6685077213065378
137,2640,0.10219237711567118
137,2664,0.011357971255799246
137,2704,0.09821718432410968
137,2707,0.03380297517609695
137,2760,0.9999937154530656
137,2826,0.09987558610881835
137,2867,0.047359049417365046
137,2956,0.18965800526996465
139,1062,0.2179912358399558
139,1109,0.09311111394924193
139,1207,0.3781043817701819
139,1216,0.083664704305182
139,1230,0.00010652454125556772
139,1247,0.09996406702194527
139,1248,0.1329802420203788
139,1445,0.08530621696428894
139,1525,0.00010596026490045049
139,1543,0.07625781335199495
139,1558,0.6004285088933902
139,1727,0.014744319202283956
139,1754,0.15888393981275722
139,1770,0.9964433396963329
139,1778,0.11479026870684396
139,1878,0.3250555817868417
139,1885,0.7014957812450096
139,1902,0.00010596026490045049
139,1962,0.3822710224272602
139,1971,0.2867505045824714
139,1993,0.5445984341807022
139,2126,0.2363009934390035
139,2139,0.07733416340633788
139,2290,0.11971070344416462
139,2304,0.036398982074992835
139,2306,0.09243362119619321
139,2322,0.42028930172461176
139,2444,0.046792970707347475
139,2490,0.7208116230599175
139,2492,0.0810430973964807
139,2539,0.1446643717297147
139,2569,0.09657697310012954
139,2581,0.0757379635420395
139,2631,0.09977383047469415
139,2640,0.6137551857243747
139,2664,0.10303288651184836
139,2704,0.9999941328670391
139,2707,0.08784227891780601
139,2760,0.13117692186579055
139,2826,0.09371403217691648
143,1062,0.12543216683794814
143,1109,0.00010596026490045049
143,1207,0.3245608215104808
143,1216,0.10817053645229818
143,1230,0.21573212465227068
143,1247,0.018134478577306747
143,1248,0.17768280754908422
143,1445,0.11226760387497371
143,1525,0.1555056054061331
143,1543,0.05725146702977596
143,1558,0.07524708387456872
143,1571,0.15729414449698317
143,1727,0.015271616377956812
143,1754,0.02881036087847664
143,1770,0.10753678016658866
143,1778,0.40789497666600466
143,1878,0.05470384681331366
143,1885,0.5202251509399459
143,1902,0.06533378867890689
143,1962,0.08786685354065944
143,1971,0.06844852816634482
143,1993,0.6055826773284284
143,2104,0.16930587047896184
143,2126,0.048565873744031984
143,2139,0.10234350427414295
143,2290,0.09864225940997472
143,2304,0.49527058799617163
143,2306,0.6427610792184588
143,2322,0.3276931236281656
143,2444,0.08321134723361819
143,2490,0.5557421109654214
143,2492,0.0189971072941851
143,2539,0.04724269376692147
143,2569,0.00010596026490045049
143,2577,0.20751379645449666
143,2581,0.20510390092024652
143,2631,0.17901404586574568
143,2640,0.2718686536624782
143,2664,0.09153765218044103
143,2704,0.12282195869374522
143,2707,0.010019880120366515
143,2760,0.25622660627540605
143,2826,0.1023112266782965
143,2867,0.06652199385821392
143,2956,0.20045081476151194
145,1062,0.1699443357273296
145,1109,0.06667674702909539
145,1207,0.3560555410978016
145,1216,0.14035906092075762
145,1230,0.258996070399579
145,1247,0.0814212933727955
145,1248,0.2581521458661942
145,1445,0.008696877320911161
145,1525,0.18944252667112432
145,1543,0.09130444202829079
145,1558,0.39180919789220514
145,1727,0.00010596026490045049
145,1754,0.14034780772940078
145,1770,0.10109865987752606
145,1778,0.4863041372089509
145,1878,0.4808180777099081
145,1885,0.6475568578167912
145,1902,0.00010596026490045049
145,1962,0.03146148247846421
145,1971,0.20175266446687776
145,1993,0.24002918774981458
145,2126,0.16626392545393656
145,2139,0.06854544190858544
145,2290,0.07605257740739842
145,2304,0.00010596026490045049
145,2306,0.7367634558158804
145,2322,0.2842639880786636
145,2444,0.08216156135804939
145,2490,0.5115127174409154
145,2492,0.016579278353190268
145,2539,0.3224440098941779
145,2569,0.013077927288145066
145,2577,0.1184493657293007
145,2581,0.5547387358454977
145,2631,0.005853468485742196
145,2640,0.1622193501661415
145,2664,0.00010399071848495659
145,2704,0.10469749448653702
145,2707,0.21846264544460706
145,2760,0.22123649728267783
145,2826,0.0980750327357095
145,2867,0.0667042931229125
146,1062,0.20979419237579203
146,1109,0.1006989277785731
146,1207,0.2501325752641371
146,1216,0.18706346009475008
146,1230,0.20471456837939503
146,1247,0.09974793305322652
146,1248,0.47747836859251924
146,1445,0.10317483993587899
146,1525,0.02421720982795405
146,1543,0.6294691976811451
146,1558,0.39635794856391854
146,1571,0.12865582975922332
146,1727,0.02023999225535598
146,1754,0.023929256523005312
146,1770,0.11854798702675558
146,1778,0.26195788585554075
146,1878,0.18630946423707828
146,1885,0.5133135287682877
146,1902,0.11949462390100689
146,1962,0.04984373166651923
146,1971,0.035021692659788405
146,1993,0.33732267111320763
146,2104,0.02415101952185153
146,2126,0.4177058490902843
146,2139,0.1975835820800631
146,2290,0.026568955162439102
146,2304,0.8283224839364598
146,2306,0.6004682406947563
146,2322,0.22140977200972606
146,2444,0.024283116068833217
146,2490,0.4253180076617547
146,2492,0.5449830887972923
146,2539,0.17966825881430837
146,2569,0.24788843887026824
146,2577,0.11681143661563463
146,2581,0.37702067104365383
146,2631,0.37329298090928525
146,2640,0.11513102418772218
146,2664,0.2621004083613371
146,2704,0.030705769675416373
146,2707,0.10411251211626957
146,2760,0.2164497580670774
146,2826,0.31207043823198033
146,2867,0.028696884281929742
149,1062,0.35158973822026823
149,1109,0.030125266841515293
149,1207,0.15375850955482306
149,1216,0.17595795878865195
149,1230,0.17937494129308706
149,1247,0.18952333461220844
149,1248,0.00010596026490045049
149,1445,0.11994773990794591
149,1525,0.24786092468087847
149,1543,0.1713263851269936
149,1558,0.12763145106491325
149,1727,0.03037157827292617
149,1754,0.09474148892877725
149,1778,0.34882211803163277
149,1878,0.12196671485744535
149,1885,0.14217071816123722
149,1902,0.07047000859840412
149,1962,0.11537311814173325
149,1971,0.3402375150098504
149,1993,0.009814138239968264
149,2126,0.02763075977078458
149,2139,0.13986290087189146
149,2290,0.21320610641443904
149,2304,0.04022906879716324
149,2306,0.061461320094989634
149,2322,0.2297493179227657
149,2444,0.11206441335449137
149,2490,0.5503904248946161
149,2492,0.03389499962397429
149,2539,0.23138930608121058
149,2569,0.021875103158872044
149,2581,0.015259569376530504
149,2631,0.0986443145501685
149,2640,0.1514529984405906
149,2664,0.02482238263880907
149,2704,0.13713121413897353
149,2707,0.023983198510034623
149,2760,0.1232446868431523
149,2826,0.09536644591352068
149,2867,0.03733222120665155
152,1062,0.3108544797658204
152,1109,0.00010596026490045049
152,1207,0.27990626686008435
152,1216,0.10313975233786363
152,1230,0.3048805110040093
152,1247,0.173250048463231
152,1248,0.4385073699978012
152,1445,0.03969639885933706
152,1525,0.0013437006926067835
152,1543,0.4891122386111942
152,1558,0.2792925092756779
152,1571,0.4807004992771787
152,1727,0.03239200897601018
152,1754,0.052321876732284806
152,1770,0.025593465183182083
152,1778,0.08184054179004675
152,1878,0.22594785266613443
152,1885,0.2247848941193809
152,1902,0.11354426164959235
152,1962,0.27975400280258167
152,1971,0.0768580143090983
152,1993,0.2837258815921442
152,2104,0.22095449354954325
152,2126,0.03819286519624158
152,2139,0.09898646891334023
152,2290,0.09698342645425999
152,2304,0.08007591487998955
152,2306,0.6213882816650689
152,2322,0.44739992140012014
152,2444,0.00010596026490045049
152,2490,0.2527960724426069
152,2492,0.3866189420479129
152,2539,0.24125766179122096
152,2569,0.00010338869160148701
152,2577,0.13132468245447293
152,2581,0.03527477218961096
152,2631,0.6950893671803374
152,2640,0.19376311871074023
152,2664,0.3419496241041643
152,2704,0.36327589668525023
152,2707,0.24124393140609154
152,2760,0.21758103831181153
152,2826,0.08415985773835642
152,2867,0.053369912924226506
153,1062,0.00017153146000721317
153,1109,0.010489186302795706
153,1198,0.06936839263642917
153,1207,0.5756902465992002
153,1216,0.02005451072852446
153,1230,0.5042904396348747
153,1247,0.0964431803654788
153,1248,0.5474775116488316
153,1311,0.1822002115035386
153,1438,0.20411977033632492
153,1445,0.0001059248776269103
153,1525,0.25279082357680766
153,1543,0.304148980630582
153,1558,0.054292741529370775
153,1571,0.21256253462348737
153,1727,0.009896191966267417
153,1754,0.33608432583122677
153,1770,0.10015701884588923
153,1778,0.10896497083565658
153,1803,0.21366597612491703
153,1847,0.23362733037131853
153,1878,0.4116237427936378
153,1885,0.5492045420952011
153,1902,0.23884689600241535
153,1962,0.008377983748034553
153,1971,0.06663092070894212
153,1993,0.6798487041929967
153,2126,0.00010596026490045049
153,2139,0.14725347631226612
153,2290,0.19730878011642064
153,2304,0.13845607710965413
153,2306,0.09542061731596799
153,2322,0.4293713284862653
153,2444,0.05242529121514105
153,2490,0.931204564558641
153,2492,0.6521952996714825
153,2494,0.09172524545383012
153,2539,0.671474939622188
153,2569,0.015984809273670467
153,2577,0.13222777191938878
153,2581,0.25577605314038315
153,2631,0.14561228752155492
153,2640,0.19355649974362765
153,2664,0.00010596026490045049
153,2704,0.33160790395652207
153,2707,0.00010596026490045049
153,2760,0.9038539475175823
153,2826,0.10963979520466205
153,2867,0.11136776417050262
153,2956,0.25300747111994315
157,1062,0.20869037995938397
157,1109,0.014913725784088819
157,1207,0.49620748651634544
157,1216,0.2497723612654338
157,1230,0.40317072486168365
157,1247,0.2055975750916853
157,1248,0.691705784169775
157,1445,0.08740115147038713
157,1525,0.11411523770102687
157,1543,0.13878039889141247
157,1558,0.047549932746985116
157,1571,0.13618983393899078
157,1727,0.00010588980076913816
157,1754,0.0652426468731593
157,1770,0.06212881674794234
157,1778,0.4032947290067427
157,1878,0.45248675677620487
157,1885,0.4819354678894028
157,1902,0.15776259914189858
157,1962,0.06319976210379638
157,1971,0.08504856345157226
157,1993,0.2748619147269975
157,2104,0.06410555956395475
157,2126,0.23261529244855386
157,2139,0.14747151483279536
157,2290,0.10356120777251332
157,2304,0.04141070480801422
157,2306,0.2960614007951822
157,2322,0.256032258893303
157,2444,0.077610065819004
157,2490,0.5100063294298873
157,2492,0.06786639492386594
157,2539,0.34135290098988935
157,2569,0.00010596026490045049
157,2581,0.019455016921061503
157,2631,0.8139898756890693
157,2640,0.1124392354787123
157,2664,0.4757745246959105
157,2704,0.02809178593392217
157,2707,0.11630599689584617
157,2760,0.07750687112599455
157,2826,0.10974664352823062
157,2867,0.11624582410347091
157,2956,0.19186107187231685
161,1062,0.25405284332179306
161,1109,0.00010596026490045049
161,1207,0.27355195921120096
161,1216,0.03963188865140612
161,1230,0.010450348872302166
161,1247,0.19247534631753963
161,1248,0.054435702588735674
161,1445,0.06287098700340606
161,1525,0.1703444697593221
161,1543,0.3897600203474242
161,1558,0.00010596026490045049
161,1571,0.14459495245482273
161,1727,0.013111292770690055
161,1754,0.06415842427261227
161,1770,0.41884902344926866
161,1778,0.11568558468336676
161,1878,0.053183916628314204
161,1885,0.2866383127041899
161,1902,0.10559535165867859
161,1962,0.00010596026490045049
161,1971,0.3663619649800842
161,1993,0.31250258188851043
161,2104,0.06538290267216298
161,2126,0.17309781718355435
161,2139,0.06979695629718753
161,2290,0.05501825224151496
161,2304,0.2596491631497191
161,2306,0.46739249840037783
161,2322,0.07449366854186582
161,2444,0.08590416934328711
161,2490,0.6662533790709598
161,2492,0.08642517899381884
161,2539,0.2988458697832604
161,2569,0.2062936740606025
161,2577,0.06910838330334143
161,2581,0.1381284579611395
161,2631,0.1152753998616678
161,2640,0.18234706950446453
161,2664,0.039757854123313695
161,2704,0.0110556537889947
161,2707,0.26836979722831955
161,2760,0.18304114414960046
161,2826,0.08500231402680919
161,2867,0.1080543983478165
162,1062,0.27108674282051326
162,1109,0.033310327857481
162,1207,0.02956313698427764
162,1216,0.12001926627614831
162,1230,0.1826918770595611
162,1247,0.08479467082565621
162,1445,0.00010596026490045049
162,1525,0.06897164429606513
162,1543,0.00010596026490045049
162,1558,0.043841893937979846
162,1727,0.11620021961311475
162,1754,0.2686284394996443
162,1770,0.021933295150788127
162,1778,0.09604841483948033
162,1878,0.19195704724215154
162,1885,0.28369480540035336
162,1902,0.9999937671937882
162,1962,0.1788202702770264
162,1971,0.5528981024163306
162,1993,0.11122870647559215
162,2126,0.02013241954919216
162,2139,0.4999999999999997
162,2290,0.12802679846748863
162,2304,0.28708423594301546
162,2306,0.10540750984236559
162,2322,0.16253964581137745
162,2444,0.00010596026490045049
162,2490,0.6927735703322864
162,2492,0.0680306494227163
162,2539,0.15400538888663728
162,2569,0.1454283759058955
162,2581,0.10618583017304448
162,2640,0.18243471142748324
162,2664,0.13784547714363907
162,2704,0.00010596026490045049
162,2707,0.14509855699419746
162,2760,0.2720251114330631
162,2826,0.08731850519204544
162,2867,0.2289173399113215
174,1062,0.2997855790542307
174,1109,0.00010596026490045049
174,1198,0.06612662954717563
174,1207,0.8710038530976758
174,1216,0.08335226348696378
174,1230,0.6313507759313103
174,1247,0.14403436255659752
174,1248,0.09622182566922431
174,1311,0.07642200955789595
174,1438,0.2262394317708221
174,1445,0.025365244793623194
174,1525,0.10167254894808475
174,1543,0.17086706544902794
174,1558,0.08680900751877764
174,1571,0.15011915793236144
174,1727,0.030863798918657277
174,1754,0.11681440863601966
174,1770,0.029378667423073056
174,1778,0.5751395635420633
174,1803,0.4957985386292168
174,1847,0.4502427921960899
174,1878,0.32989910614047124
174,1885,0.41227439324954024
174,1902,0.0784795668100398
174,1962,0.5580368563896447
174,1971,0.09771169291485671
174,1993,0.47231143352067273
174,2126,0.06583355552990626
174,2139,0.152047618200809
174,2290,0.12402780543643967
174,2304,0.13132619172800725
174,2306,0.041515856419274196
174,2322,0.8527783768552444
174,2444,0.06921115717296747
174,2490,0.37975002453620854
174,2492,0.015590227983438164
174,2494,0.21847684780682675
174,2539,0.37677137524117277
174,2569,0.13107024133946885
174,2577,0.07196370989355785
174,2581,0.4443989794759482
174,2631,0.14981518044982872
174,2640,0.6038663855852295
174,2664,0.1289494357724455
174,2704,0.8814888885328558
174,2707,0.15241195398594437
174,2760,0.927229358437713
174,2826,0.052960859174104605
174,2867,0.056433238530125024
174,2956,0.22289798956895446
177,1062,0.22899068883680893
177,1109,0.026537303488282614
177,1207,0.4461339687782248
177,1216,0.20451394860112052
177,1230,0.5877090427963992
177,1247,0.14659248570699818
177,1248,0.00010596026490045049
177,1445,0.018367806055987396
177,1525,0.2655134942045129
177,1543,0.022423671997754302
177,1558,0.09794508286150935
177,1571,0.00010596026490045049
177,1727,0.029540202753319485
177,1754,0.0055450652922571855
177,1770,0.12822159579198977
177,1778,0.32660982758875673
177,1878,0.09337186475073174
177,1885,0.6715195547489456
177,1902,0.05655362685364666
177,1962,0.7592783426452219
177,1971,0.07076851700231192
177,1993,0.43445505511952215
177,2126,0.09389206591892131
177,2139,0.1472661020119686
177,2290,0.05279040411431025
177,2304,0.18161745755482828
177,2306,0.3856730457003133
177,2322,0.5391989131961631
177,2444,0.052331424674634516
177,2490,0.697613635617286
177,2492,0.0750642058414949
177,2539,0.39029485423860066
177,2569,0.14064404013933202
177,2577,0.16277763562323763
177,2581,0.5597529084464519
177,2631,0.07874844645010326
177,2640,0.03948161335565888
177,2664,0.04121691064165108
177,2704,0.03412787664943705
177,2707,0.00010546937983854929
177,2760,0.210864223544551
177,2826,0.015507259479855819
177,2867,0.15529176936108308
186,1062,0.48557435412580247
186,1109,0.00010596026490045049
186,1207,0.5089985101608812
186,1216,0.21232765479184085
186,1230,0.38245774322965037
186,1247,0.13015774723310763
186,1248,0.3262628133146054
186,1445,0.00010596026490045049
186,1525,0.023684685783256776
186,1543,0.13262823818353778
186,1558,0.05824082844392752
186,1571,0.2418577913892704
186,1727,0.00010596026490045049
186,1754,0.00010596026490045049
186,1770,0.058763228980048446
186,1778,0.11810391615764147
186,1878,0.11107351819462402
186,1885,0.41571316341594305
186,1902,0.05469531095922957
186,1962,0.009715402783471883
186,1971,0.07179913158560283
186,1993,0.42659540238665355
186,2104,0.004628236115349114
186,2126,0.00010596026490045049
186,2139,0.10239534572708132
186,2290,0.13871468818717364
186,2304,0.2587839799120744
186,2306,0.10364061717107094
186,2322,0.392825567783451
186,2444,0.00010596026490045049
186,2490,0.691525678229802
186,2492,0.1774371017276565
186,2539,0.42019877266773026
186,2569,0.42094554701963216
186,2577,0.19885108991435466
186,2581,0.18245636565967585
186,2631,0.015970143175335343
186,2640,0.31527042929776466
186,2664,0.014304995946301503
186,2704,0.00010596026490045049
186,2707,0.1544296257515585
186,2760,0.10878672340825848
186,2826,0.11559305672055806
186,2867,0.0697947843313235
186,2956,0.32962867627226405
